Id,MSSubClass,MSZoning,LotFrontage,LotArea,Alley,Utilities,HouseStyle,OverallQual,OverallCond,YearBuilt,YearRemodAdd,MasVnrArea,ExterQual,Foundation,BsmtQual,CentralAir,Electrical,Fireplaces,GarageType,GarageCars,GarageArea,PavedDrive,SaleType,SaleCondition,SalePrice
1,60,RL,65,8450,NA,AllPub,2Story,7,5,2003,2003,196,Gd,PConc,Gd,Y,SBrkr,0,Attchd,2,548,Y,WD,Normal,208500
2,20,RL,80,9600,NA,AllPub,1Story,6,8,1976,1976,0,TA,CBlock,Gd,Y,SBrkr,1,Attchd,2,460,Y,WD,Normal,181500
3,60,RL,68,11250,NA,AllPub,2Story,7,5,2001,2002,162,Gd,PConc,Gd,Y,SBrkr,1,Attchd,2,608,Y,WD,Normal,223500
4,70,RL,60,9550,NA,AllPub,2Story,7,5,1915,1970,0,TA,BrkTil,TA,Y,SBrkr,1,Detchd,3,642,Y,WD,Abnorml,140000
5,60,RL,84,14260,NA,AllPub,2Story,8,5,2000,2000,350,Gd,PConc,Gd,Y,SBrkr,1,Attchd,3,836,Y,WD,Normal,250000
6,50,RL,85,14115,NA,AllPub,1.5Story,5,5,1993,1995,0,TA,Wood,Gd,Y,SBrkr,0,Attchd,2,480,Y,WD,Normal,143000
7,20,RL,75,10084,NA,AllPub,1Story,8,5,2004,2005,186,Gd,PConc,Ex,Y,SBrkr,1,Attchd,2,636,Y,WD,Normal,307000
8,60,RL,NA,10382,NA,AllPub,2Story,7,6,1973,1973,240,TA,CBlock,Gd,Y,SBrkr,2,Attchd,2,484,Y,WD,Normal,200000
9,50,RM,51,6120,NA,AllPub,1.5Story,7,5,1931,1950,0,TA,BrkTil,TA,Y,FuseF,2,Detchd,2,468,Y,WD,Abnorml,129900
10,190,RL,50,7420,NA,AllPub,1.5Story,5,6,1939,1950,0,TA,BrkTil,TA,Y,SBrkr,2,Attchd,1,205,Y,WD,Normal,118000
11,20,RL,70,11200,NA,AllPub,1Story,5,5,1965,1965,0,TA,CBlock,TA,Y,SBrkr,0,Detchd,1,384,Y,WD,Normal,129500
12,60,RL,85,11924,NA,AllPub,2Story,9,5,2005,2006,286,Ex,PConc,Ex,Y,SBrkr,2,BuiltIn,3,736,Y,New,Partial,345000
13,20,RL,NA,12968,NA,AllPub,1Story,5,6,1962,1962,0,TA,CBlock,TA,Y,SBrkr,0,Detchd,1,352,Y,WD,Normal,144000
14,20,RL,91,10652,NA,AllPub,1Story,7,5,2006,2007,306,Gd,PConc,Gd,Y,SBrkr,1,Attchd,3,840,Y,New,Partial,279500
15,20,RL,NA,10920,NA,AllPub,1Story,6,5,1960,1960,212,TA,CBlock,TA,Y,SBrkr,1,Attchd,1,352,Y,WD,Normal,157000
16,45,RM,51,6120,NA,AllPub,1.5Story,7,8,1929,2001,0,TA,BrkTil,TA,Y,FuseA,0,Detchd,2,576,Y,WD,Normal,132000
17,20,RL,NA,11241,NA,AllPub,1Story,6,7,1970,1970,180,TA,CBlock,TA,Y,SBrkr,1,Attchd,2,480,Y,WD,Normal,149000
18,90,RL,72,10791,NA,AllPub,1Story,4,5,1967,1967,0,TA,Slab,NA,Y,SBrkr,0,BuiltIn,2,516,Y,WD,Normal,90000
19,20,RL,66,13695,NA,AllPub,1Story,5,5,2004,2004,0,TA,PConc,TA,Y,SBrkr,0,Detchd,2,576,Y,WD,Normal,159000
20,20,RL,70,7560,NA,AllPub,1Story,5,6,1958,1965,0,TA,CBlock,TA,Y,SBrkr,0,Attchd,1,294,Y,COD,Abnorml,139000
21,60,RL,101,14215,NA,AllPub,2Story,8,5,2005,2006,380,Gd,PConc,Ex,Y,SBrkr,1,BuiltIn,3,853,Y,New,Partial,325300
22,45,RM,57,7449,Grvl,AllPub,1.5Story,7,7,1930,1950,0,TA,PConc,TA,Y,FuseF,1,Attchd,1,280,N,WD,Normal,139400
23,20,RL,75,9742,NA,AllPub,1Story,8,5,2002,2002,281,Gd,PConc,Gd,Y,SBrkr,1,Attchd,2,534,Y,WD,Normal,230000
24,120,RM,44,4224,NA,AllPub,1Story,5,7,1976,1976,0,TA,PConc,Gd,Y,SBrkr,1,Attchd,2,572,Y,WD,Normal,129900
25,20,RL,NA,8246,NA,AllPub,1Story,5,8,1968,2001,0,TA,CBlock,TA,Y,SBrkr,1,Attchd,1,270,Y,WD,Normal,154000
26,20,RL,110,14230,NA,AllPub,1Story,8,5,2007,2007,640,Gd,PConc,Gd,Y,SBrkr,1,Attchd,3,890,Y,WD,Normal,256300
27,20,RL,60,7200,NA,AllPub,1Story,5,7,1951,2000,0,TA,CBlock,TA,Y,SBrkr,0,Detchd,2,576,Y,WD,Normal,134800
28,20,RL,98,11478,NA,AllPub,1Story,8,5,2007,2008,200,Gd,PConc,Ex,Y,SBrkr,1,Attchd,3,772,Y,WD,Normal,306000
29,20,RL,47,16321,NA,AllPub,1Story,5,6,1957,1997,0,TA,CBlock,TA,Y,SBrkr,2,Attchd,1,319,Y,WD,Normal,207500
30,30,RM,60,6324,NA,AllPub,1Story,4,6,1927,1950,0,TA,BrkTil,TA,N,SBrkr,0,Detchd,1,240,Y,WD,Normal,68500
31,70,C (all),50,8500,Pave,AllPub,2Story,4,4,1920,1950,0,TA,BrkTil,TA,N,SBrkr,0,Detchd,1,250,N,WD,Normal,40000
32,20,RL,NA,8544,NA,AllPub,1Story,5,6,1966,2006,0,TA,CBlock,TA,Y,SBrkr,0,Attchd,1,271,Y,WD,Normal,149350
33,20,RL,85,11049,NA,AllPub,1Story,8,5,2007,2007,0,Gd,PConc,Ex,Y,SBrkr,0,Attchd,2,484,Y,WD,Normal,179900
34,20,RL,70,10552,NA,AllPub,1Story,5,5,1959,1959,0,TA,CBlock,TA,Y,SBrkr,1,Attchd,2,447,Y,WD,Normal,165500
35,120,RL,60,7313,NA,AllPub,1Story,9,5,2005,2005,246,Ex,PConc,Ex,Y,SBrkr,1,Attchd,2,556,Y,WD,Normal,277500
36,60,RL,108,13418,NA,AllPub,2Story,8,5,2004,2005,132,Gd,PConc,Ex,Y,SBrkr,1,BuiltIn,3,691,Y,WD,Normal,309000
37,20,RL,112,10859,NA,AllPub,1Story,5,5,1994,1995,0,TA,PConc,Gd,Y,SBrkr,0,Attchd,2,672,Y,WD,Normal,145000
38,20,RL,74,8532,NA,AllPub,1Story,5,6,1954,1990,650,TA,CBlock,TA,Y,SBrkr,1,Attchd,2,498,Y,WD,Normal,153000
39,20,RL,68,7922,NA,AllPub,1Story,5,7,1953,2007,0,TA,CBlock,TA,Y,SBrkr,0,Detchd,1,246,Y,WD,Abnorml,109000
40,90,RL,65,6040,NA,AllPub,1Story,4,5,1955,1955,0,TA,PConc,NA,N,FuseP,0,NA,0,0,N,WD,AdjLand,82000
41,20,RL,84,8658,NA,AllPub,1Story,6,5,1965,1965,101,TA,CBlock,TA,Y,SBrkr,1,Attchd,2,440,Y,WD,Abnorml,160000
42,20,RL,115,16905,NA,AllPub,1Story,5,6,1959,1959,0,TA,CBlock,TA,Y,SBrkr,2,Attchd,1,308,P,WD,Normal,170000
43,85,RL,NA,9180,NA,AllPub,2Story,5,7,1983,1983,0,TA,CBlock,Gd,Y,SBrkr,0,Attchd,2,504,Y,WD,Normal,144000
44,20,RL,NA,9200,NA,AllPub,1Story,5,6,1975,1980,0,TA,CBlock,Gd,Y,SBrkr,0,Detchd,1,308,Y,WD,Normal,130250
45,20,RL,70,7945,NA,AllPub,1Story,5,6,1959,1959,0,TA,CBlock,TA,Y,FuseA,0,Attchd,1,300,Y,WD,Normal,141000
46,120,RL,61,7658,NA,AllPub,1Story,9,5,2005,2005,412,Ex,PConc,Ex,Y,SBrkr,1,Attchd,2,576,Y,WD,Normal,319900
47,50,RL,48,12822,NA,AllPub,1.5Story,7,5,2003,2003,0,Gd,PConc,Ex,Y,SBrkr,1,Attchd,2,670,Y,WD,Abnorml,239686
48,20,FV,84,11096,NA,AllPub,1Story,8,5,2006,2006,0,Gd,PConc,Gd,Y,SBrkr,0,Attchd,3,826,Y,WD,Normal,249700
49,190,RM,33,4456,NA,AllPub,2Story,4,5,1920,2008,0,TA,BrkTil,TA,Y,SBrkr,0,NA,0,0,N,New,Partial,113000
50,20,RL,66,7742,NA,AllPub,1Story,5,7,1966,1966,0,TA,CBlock,TA,Y,SBrkr,0,Attchd,1,386,Y,WD,Normal,127000
51,60,RL,NA,13869,NA,AllPub,2Story,6,6,1997,1997,0,TA,PConc,Gd,Y,SBrkr,0,Attchd,2,388,Y,WD,Normal,177000
52,50,RM,52,6240,NA,AllPub,1.5Story,6,6,1934,1950,0,TA,PConc,TA,Y,SBrkr,1,Detchd,2,528,Y,WD,Normal,114500
53,90,RM,110,8472,NA,AllPub,1Story,5,5,1963,1963,0,Fa,CBlock,Gd,N,SBrkr,0,BuiltIn,2,516,Y,WD,Normal,110000
54,20,RL,68,50271,NA,AllPub,1Story,9,5,1981,1987,0,Gd,CBlock,Ex,Y,SBrkr,1,Attchd,3,894,Y,WD,Normal,385000
55,80,RL,60,7134,NA,AllPub,1Story,5,5,1955,1955,0,TA,CBlock,TA,Y,SBrkr,1,Detchd,2,572,Y,WD,Normal,130000
56,20,RL,100,10175,NA,AllPub,1Story,6,5,1964,1964,272,TA,CBlock,TA,Y,SBrkr,1,Attchd,2,576,Y,WD,Normal,180500
57,160,FV,24,2645,Pave,AllPub,2Story,8,5,1999,2000,456,Gd,PConc,Gd,Y,SBrkr,0,Attchd,2,480,Y,WD,Abnorml,172500
58,60,RL,89,11645,NA,AllPub,2Story,7,5,2004,2004,0,Gd,PConc,Gd,Y,SBrkr,0,Attchd,2,565,Y,WD,Normal,196500
59,60,RL,66,13682,NA,AllPub,2Story,10,5,2006,2006,1031,Ex,PConc,Ex,Y,SBrkr,1,BuiltIn,3,641,Y,New,Partial,438780
60,20,RL,60,7200,NA,AllPub,1Story,5,7,1972,1972,0,TA,CBlock,TA,Y,SBrkr,0,Detchd,1,352,Y,WD,Normal,124900
61,20,RL,63,13072,NA,AllPub,1Story,6,5,2004,2004,0,TA,PConc,Gd,Y,SBrkr,0,Detchd,2,576,Y,New,Partial,158000
62,75,RM,60,7200,NA,AllPub,2.5Story,5,7,1920,1996,0,TA,BrkTil,TA,N,SBrkr,0,Detchd,1,288,N,WD,Normal,101000
63,120,RL,44,6442,NA,AllPub,1Story,8,5,2006,2006,178,Gd,PConc,Gd,Y,SBrkr,1,Attchd,2,484,Y,WD,Normal,202500
64,70,RM,50,10300,NA,AllPub,2Story,7,6,1921,1950,0,TA,BrkTil,TA,Y,SBrkr,0,Detchd,2,480,Y,WD,Normal,140000
65,60,RL,NA,9375,NA,AllPub,2Story,7,5,1997,1998,573,TA,PConc,Gd,Y,SBrkr,0,Attchd,2,645,Y,WD,Normal,219500
66,60,RL,76,9591,NA,AllPub,2Story,8,5,2004,2005,344,Gd,PConc,Ex,Y,SBrkr,1,BuiltIn,3,852,Y,WD,Normal,317000
67,20,RL,NA,19900,NA,AllPub,1Story,7,5,1970,1989,287,TA,CBlock,Gd,Y,SBrkr,1,Attchd,2,576,Y,WD,Normal,180000
68,20,RL,72,10665,NA,AllPub,1Story,7,5,2003,2003,167,Gd,PConc,Gd,Y,SBrkr,0,Attchd,2,558,Y,WD,Normal,226000
69,30,RM,47,4608,NA,AllPub,1Story,4,6,1945,1950,0,TA,CBlock,TA,Y,SBrkr,0,Attchd,1,220,Y,WD,Normal,80000
70,50,RL,81,15593,NA,AllPub,1.5Story,7,4,1953,1953,0,Gd,CBlock,TA,Y,SBrkr,1,Attchd,2,667,Y,WD,Normal,225000
71,20,RL,95,13651,NA,AllPub,1Story,7,6,1973,1973,1115,TA,CBlock,Gd,Y,SBrkr,2,Attchd,2,516,Y,WD,Normal,244000
72,20,RL,69,7599,NA,AllPub,1Story,4,6,1982,2006,0,TA,CBlock,TA,Y,SBrkr,0,Detchd,2,360,Y,WD,Normal,129500
73,60,RL,74,10141,NA,AllPub,2Story,7,5,1998,1998,40,TA,PConc,Gd,Y,SBrkr,1,Attchd,2,427,Y,WD,Normal,185000
74,20,RL,85,10200,NA,AllPub,1Story,5,7,1954,2003,104,TA,CBlock,TA,Y,SBrkr,0,Attchd,2,490,Y,WD,Normal,144900
75,50,RM,60,5790,NA,AllPub,2Story,3,6,1915,1950,0,Gd,CBlock,Fa,N,SBrkr,0,Detchd,1,379,Y,WD,Normal,107400
76,180,RM,21,1596,NA,AllPub,1Story,4,5,1973,1973,0,TA,CBlock,Gd,Y,SBrkr,0,BuiltIn,1,297,Y,WD,Normal,91000
77,20,RL,NA,8475,NA,AllPub,1Story,4,7,1956,1956,0,TA,CBlock,TA,Y,FuseA,0,Detchd,1,283,Y,WD,Normal,135750
78,50,RM,50,8635,NA,AllPub,1.5Story,5,5,1948,2001,0,TA,CBlock,TA,Y,SBrkr,0,Detchd,1,240,Y,WD,Normal,127000
79,90,RL,72,10778,NA,AllPub,1Story,4,5,1968,1968,0,TA,CBlock,TA,N,SBrkr,0,NA,0,0,Y,WD,Normal,136500
80,50,RM,60,10440,Grvl,AllPub,2Story,5,6,1910,1981,0,TA,PConc,TA,Y,SBrkr,0,Detchd,2,440,Y,WD,Normal,110000
81,60,RL,100,13000,NA,AllPub,2Story,6,6,1968,1968,576,TA,CBlock,Gd,Y,SBrkr,1,Attchd,1,509,Y,WD,Normal,193500
82,120,RM,32,4500,NA,AllPub,1Story,6,5,1998,1998,443,TA,PConc,Ex,Y,SBrkr,0,Attchd,2,405,Y,WD,Normal,153500
83,20,RL,78,10206,NA,AllPub,1Story,8,5,2007,2007,468,TA,PConc,Gd,Y,SBrkr,1,Attchd,3,758,Y,WD,Normal,245000
84,20,RL,80,8892,NA,AllPub,1Story,5,5,1960,1960,66,TA,CBlock,TA,Y,SBrkr,0,Detchd,2,461,Y,COD,Normal,126500
85,80,RL,NA,8530,NA,AllPub,1Story,7,5,1995,1996,22,TA,PConc,Gd,Y,SBrkr,1,BuiltIn,2,400,Y,WD,Normal,168500
86,60,RL,121,16059,NA,AllPub,2Story,8,5,1991,1992,284,Gd,CBlock,Gd,Y,SBrkr,1,Attchd,2,462,Y,WD,Normal,260000
87,60,RL,122,11911,NA,AllPub,2Story,6,5,2005,2005,0,Gd,PConc,Gd,Y,SBrkr,1,BuiltIn,2,400,Y,WD,Normal,174000
88,160,FV,40,3951,Pave,AllPub,2Story,6,5,2009,2009,76,Gd,PConc,Gd,Y,SBrkr,0,Detchd,2,528,Y,New,Partial,164500
89,50,C (all),105,8470,NA,AllPub,1.5Story,3,2,1915,1982,0,Fa,CBlock,TA,N,SBrkr,0,NA,0,0,N,ConLD,Abnorml,85000
90,20,RL,60,8070,NA,AllPub,1Story,4,5,1994,1995,0,TA,PConc,Gd,Y,SBrkr,0,NA,0,0,Y,WD,Normal,123600
91,20,RL,60,7200,NA,AllPub,1Story,4,5,1950,1950,0,TA,Slab,NA,Y,FuseA,0,Detchd,2,420,Y,WD,Normal,109900
92,20,RL,85,8500,NA,AllPub,1Story,5,3,1961,1961,203,TA,CBlock,TA,Y,SBrkr,0,Attchd,2,480,Y,WD,Abnorml,98600
93,30,RL,80,13360,Grvl,AllPub,1Story,5,7,1921,2006,0,TA,BrkTil,Gd,Y,SBrkr,0,Detchd,2,432,Y,WD,Normal,163500
94,190,C (all),60,7200,NA,AllPub,2.5Story,6,6,1910,1998,0,TA,BrkTil,TA,N,SBrkr,1,Detchd,2,506,Y,WD,Normal,133900
95,60,RL,69,9337,NA,AllPub,2Story,6,5,1997,1997,0,TA,PConc,Gd,Y,SBrkr,0,Attchd,2,684,Y,WD,Normal,204750
96,60,RL,NA,9765,NA,AllPub,2Story,6,8,1993,1993,68,Ex,PConc,Gd,Y,SBrkr,1,BuiltIn,2,420,Y,WD,Normal,185000
97,20,RL,78,10264,NA,AllPub,1Story,7,5,1999,1999,183,Gd,PConc,Gd,Y,SBrkr,0,Attchd,2,472,Y,WD,Normal,214000
98,20,RL,73,10921,NA,AllPub,1Story,4,5,1965,1965,48,TA,CBlock,TA,Y,FuseF,0,Attchd,1,432,P,WD,Normal,94750
99,30,RL,85,10625,NA,AllPub,1Story,5,5,1920,1950,0,TA,BrkTil,TA,N,SBrkr,0,Attchd,1,366,Y,COD,Abnorml,83000
100,20,RL,77,9320,NA,AllPub,1Story,4,5,1959,1959,0,TA,CBlock,TA,Y,SBrkr,0,NA,0,0,Y,WD,Normal,128950
101,20,RL,NA,10603,NA,AllPub,1Story,6,7,1977,2001,28,TA,PConc,TA,Y,SBrkr,2,Attchd,2,480,Y,WD,Normal,205000
102,60,RL,77,9206,NA,AllPub,2Story,6,5,1985,1985,336,Gd,CBlock,Gd,Y,SBrkr,1,Attchd,2,476,Y,WD,Normal,178000
103,90,RL,64,7018,NA,AllPub,1Story,5,5,1979,1979,0,TA,Slab,NA,Y,SBrkr,0,Attchd,2,410,Y,WD,Alloca,118964
104,20,RL,94,10402,NA,AllPub,1Story,7,5,2009,2009,0,TA,PConc,Gd,Y,SBrkr,0,Attchd,3,740,Y,WD,Normal,198900
105,50,RM,NA,7758,NA,AllPub,1.5Story,7,4,1931,1950,600,TA,PConc,TA,Y,FuseF,2,Detchd,1,240,Y,WD,Normal,169500
106,60,FV,75,9375,NA,AllPub,2Story,8,5,2003,2004,768,Gd,PConc,Ex,Y,SBrkr,1,Attchd,2,648,Y,WD,Normal,250000
107,30,RM,60,10800,Grvl,AllPub,1Story,4,7,1885,1995,0,TA,BrkTil,Fa,Y,SBrkr,0,Detchd,1,273,N,WD,Normal,100000
108,20,RM,50,6000,NA,AllPub,1Story,5,5,1948,1950,0,TA,CBlock,TA,Y,SBrkr,0,Detchd,1,250,Y,WD,Partial,115000
109,50,RM,85,8500,NA,AllPub,1.5Story,5,7,1919,2005,0,TA,CBlock,TA,N,FuseF,0,NA,0,0,N,WD,Normal,115000
110,20,RL,105,11751,NA,AllPub,1Story,6,6,1977,1977,480,TA,CBlock,Gd,Y,SBrkr,1,Attchd,2,546,Y,COD,Normal,190000
111,50,RL,75,9525,NA,AllPub,1.5Story,6,4,1954,1972,0,TA,CBlock,TA,Y,SBrkr,0,Attchd,1,325,Y,WD,Normal,136900
112,80,RL,NA,7750,NA,AllPub,1Story,7,5,2000,2000,0,TA,PConc,Gd,Y,SBrkr,1,BuiltIn,2,400,Y,WD,Normal,180000
113,60,RL,77,9965,NA,AllPub,2Story,7,5,2007,2007,220,Gd,PConc,Ex,Y,SBrkr,1,BuiltIn,3,792,Y,New,Partial,383970
114,20,RL,NA,21000,NA,AllPub,1Story,6,5,1953,1953,184,TA,CBlock,Gd,Y,SBrkr,2,Attchd,2,450,Y,COD,Abnorml,217000
115,70,RL,61,7259,NA,AllPub,2Story,6,8,1945,2002,0,TA,CBlock,TA,Y,SBrkr,1,Detchd,1,180,Y,WD,Normal,259500
116,160,FV,34,3230,Pave,AllPub,2Story,6,5,1999,1999,1129,TA,PConc,Gd,Y,SBrkr,1,Detchd,2,440,Y,WD,Normal,176000
117,20,RL,NA,11616,NA,AllPub,1Story,5,5,1962,1962,116,TA,CBlock,TA,Y,SBrkr,1,Attchd,1,288,Y,WD,Normal,139000
118,20,RL,74,8536,NA,AllPub,1Story,5,5,2006,2007,0,TA,PConc,Gd,Y,SBrkr,0,Attchd,2,430,Y,New,Partial,155000
119,60,RL,90,12376,NA,AllPub,2Story,7,5,1990,1990,0,TA,PConc,Gd,Y,SBrkr,2,Attchd,3,594,Y,WD,Normal,320000
120,60,RL,65,8461,NA,AllPub,2Story,6,5,2005,2006,0,Gd,PConc,Gd,Y,SBrkr,1,Attchd,2,390,Y,New,Partial,163990
121,80,RL,NA,21453,NA,AllPub,1Story,6,5,1969,1969,0,TA,CBlock,TA,Y,SBrkr,2,Attchd,2,540,Y,WD,Normal,180000
122,50,RM,50,6060,NA,AllPub,1.5Story,4,5,1939,1950,0,TA,PConc,TA,Y,SBrkr,0,Detchd,1,264,P,WD,Normal,100000
123,20,RL,75,9464,NA,AllPub,1Story,6,7,1958,1958,135,TA,CBlock,TA,Y,SBrkr,0,Attchd,1,288,Y,WD,Normal,136000
124,120,RL,55,7892,NA,AllPub,1Story,6,5,1993,1993,0,Gd,PConc,Gd,Y,SBrkr,0,Attchd,2,530,Y,WD,Normal,153900
125,20,RL,48,17043,NA,AllPub,1Story,6,5,1979,1998,0,TA,CBlock,Gd,Y,SBrkr,1,Attchd,2,435,Y,WD,Normal,181000
126,190,RM,60,6780,NA,AllPub,1.5Story,6,8,1935,1982,0,TA,CBlock,TA,N,SBrkr,0,NA,0,0,N,WD,Normal,84500
127,120,RL,NA,4928,NA,AllPub,1Story,6,5,1976,1976,0,TA,CBlock,Gd,Y,SBrkr,1,Attchd,2,440,Y,WD,Normal,128000
128,45,RM,55,4388,NA,AllPub,1.5Story,5,7,1930,1950,0,TA,BrkTil,TA,Y,SBrkr,1,NA,0,0,N,WD,Normal,87000
129,60,RL,69,7590,NA,AllPub,2Story,6,5,1966,1966,266,TA,CBlock,TA,Y,SBrkr,1,Attchd,2,453,Y,WD,Normal,155000
130,20,RL,69,8973,NA,AllPub,1Story,5,7,1958,1991,85,TA,CBlock,TA,Y,FuseA,0,Detchd,2,750,Y,WD,Abnorml,150000
131,60,RL,88,14200,NA,AllPub,2Story,7,6,1966,1966,309,TA,CBlock,TA,Y,SBrkr,2,Attchd,2,487,Y,WD,Normal,226000
132,60,RL,NA,12224,NA,AllPub,2Story,6,5,2000,2000,40,Gd,PConc,Gd,Y,SBrkr,1,BuiltIn,2,390,Y,WD,Normal,244000
133,20,RL,75,7388,NA,AllPub,1Story,5,6,1959,2002,0,TA,CBlock,TA,Y,SBrkr,0,Detchd,2,624,Y,WD,Normal,150750
134,20,RL,NA,6853,NA,AllPub,1Story,8,5,2001,2002,136,Gd,PConc,Ex,Y,SBrkr,0,Attchd,2,471,Y,WD,Normal,220000
135,20,RL,78,10335,NA,AllPub,1Story,5,6,1968,1993,0,TA,CBlock,TA,Y,SBrkr,1,Attchd,2,440,Y,WD,Normal,180000
136,20,RL,80,10400,NA,AllPub,1Story,7,6,1970,1970,288,TA,PConc,TA,Y,SBrkr,1,Attchd,2,530,Y,WD,Normal,174000
137,20,RL,NA,10355,NA,AllPub,1Story,5,5,1967,1967,196,TA,CBlock,TA,Y,SBrkr,1,Attchd,1,318,Y,WD,Normal,143000
138,90,RL,82,11070,NA,AllPub,1Story,7,5,1988,1989,70,TA,CBlock,TA,Y,SBrkr,0,Detchd,3,766,Y,WD,Family,171000
139,60,RL,73,9066,NA,AllPub,2Story,8,5,1999,2000,320,Gd,PConc,Gd,Y,SBrkr,2,Attchd,3,660,Y,WD,Normal,230000
140,60,RL,65,15426,NA,AllPub,2Story,6,5,1997,1997,0,TA,PConc,Gd,Y,SBrkr,0,Attchd,2,470,Y,WD,Normal,231500
141,20,RL,70,10500,NA,AllPub,1Story,4,5,1971,1971,0,TA,CBlock,TA,Y,SBrkr,1,NA,0,0,Y,ConLI,Normal,115000
142,20,RL,78,11645,NA,AllPub,1Story,7,5,2005,2005,0,Gd,PConc,Gd,Y,SBrkr,0,Attchd,2,660,Y,WD,Normal,260000
143,50,RL,71,8520,NA,AllPub,1.5Story,5,4,1952,1952,0,TA,CBlock,TA,Y,SBrkr,0,Detchd,2,720,Y,WD,Normal,166000
144,20,RL,78,10335,NA,AllPub,1Story,7,5,1999,1999,183,Gd,PConc,Gd,Y,SBrkr,0,Attchd,2,577,Y,WD,Normal,204000
145,90,RM,70,9100,NA,AllPub,1Story,5,5,1963,1963,336,TA,CBlock,TA,Y,SBrkr,0,Detchd,2,504,Y,ConLI,Abnorml,125000
146,160,RM,24,2522,NA,AllPub,2Story,6,5,2004,2006,50,Gd,PConc,Gd,Y,SBrkr,0,Detchd,2,380,Y,WD,Normal,130000
147,30,RM,51,6120,NA,AllPub,1Story,5,7,1931,1993,0,TA,BrkTil,TA,Y,FuseA,0,Detchd,1,180,Y,WD,Normal,105000
148,60,RL,NA,9505,NA,AllPub,2Story,7,5,2001,2001,180,Gd,PConc,Gd,Y,SBrkr,1,BuiltIn,2,434,Y,WD,Normal,222500
149,20,RL,63,7500,NA,AllPub,1Story,7,5,2004,2005,120,TA,PConc,Gd,Y,SBrkr,0,NA,0,0,Y,WD,Normal,141000
150,50,RM,NA,6240,NA,AllPub,1.5Story,5,4,1936,1950,0,TA,BrkTil,Gd,Y,FuseA,0,Detchd,1,240,Y,WD,Normal,115000
151,20,RL,120,10356,NA,AllPub,1Story,5,6,1975,1975,0,TA,CBlock,TA,Y,SBrkr,0,Attchd,2,440,Y,WD,Normal,122000
152,20,RL,107,13891,NA,AllPub,1Story,8,5,2007,2008,436,Gd,PConc,Ex,Y,SBrkr,1,Attchd,3,866,Y,New,Partial,372402
153,60,RL,NA,14803,NA,AllPub,2Story,6,5,1971,1971,252,TA,CBlock,TA,Y,SBrkr,1,Attchd,2,495,Y,WD,Normal,190000
154,20,RL,NA,13500,NA,AllPub,1Story,6,7,1960,1975,0,TA,CBlock,Gd,Y,SBrkr,1,Attchd,2,564,Y,WD,Normal,235000
155,30,RM,84,11340,NA,AllPub,1Story,6,5,1923,1950,0,TA,BrkTil,TA,Y,FuseA,0,Detchd,1,312,Y,WD,Family,125000
156,50,RL,60,9600,NA,AllPub,1.5Story,6,5,1924,1950,0,TA,BrkTil,TA,N,FuseF,0,NA,0,0,N,WD,Normal,79000
157,20,RL,60,7200,NA,AllPub,1Story,5,7,1950,1950,0,TA,CBlock,NA,Y,FuseF,0,Detchd,2,625,Y,WD,Normal,109500
158,60,RL,92,12003,NA,AllPub,2Story,8,5,2009,2010,84,Gd,PConc,Ex,Y,SBrkr,1,BuiltIn,3,680,Y,New,Partial,269500
159,60,FV,100,12552,NA,AllPub,2Story,7,5,2004,2005,0,Gd,PConc,Gd,Y,SBrkr,1,Attchd,2,678,Y,WD,Normal,254900
160,60,RL,134,19378,NA,AllPub,2Story,7,5,2005,2006,456,Gd,PConc,Gd,Y,SBrkr,1,Attchd,2,576,Y,New,Partial,320000
161,20,RL,NA,11120,NA,AllPub,1Story,6,6,1984,1984,0,TA,PConc,Gd,Y,SBrkr,0,Attchd,2,516,Y,WD,Normal,162500
162,60,RL,110,13688,NA,AllPub,2Story,9,5,2003,2004,664,Gd,PConc,Ex,Y,SBrkr,2,BuiltIn,3,726,Y,WD,Normal,412500
163,20,RL,95,12182,NA,AllPub,1Story,7,5,2005,2005,226,Gd,PConc,Gd,Y,SBrkr,1,Attchd,2,532,Y,New,Partial,220000
164,45,RL,55,5500,NA,AllPub,1.5Story,4,6,1956,1956,0,TA,CBlock,TA,Y,SBrkr,0,NA,0,0,Y,WD,Normal,103200
165,40,RM,40,5400,Pave,AllPub,1Story,6,7,1926,2004,0,TA,BrkTil,TA,Y,FuseA,0,Detchd,1,216,Y,WD,Normal,152000
166,190,RL,62,10106,NA,AllPub,1.5Story,5,7,1940,1999,0,TA,BrkTil,TA,Y,SBrkr,0,NA,0,0,Y,WD,Normal,127500
167,20,RL,NA,10708,NA,AllPub,1Story,5,5,1955,1993,0,Gd,CBlock,TA,Y,FuseA,3,Attchd,1,303,Y,COD,Normal,190000
168,60,RL,86,10562,NA,AllPub,2Story,8,5,2007,2007,300,Gd,PConc,Ex,Y,SBrkr,1,Attchd,3,789,Y,New,Partial,325624
169,60,RL,62,8244,NA,AllPub,2Story,7,5,2004,2004,0,Gd,PConc,Gd,Y,SBrkr,1,Attchd,2,440,Y,WD,Normal,183500
170,20,RL,NA,16669,NA,AllPub,1Story,8,6,1981,1981,653,Gd,CBlock,Gd,Y,SBrkr,1,Attchd,2,511,Y,WD,Normal,228000
171,50,RM,NA,12358,NA,AllPub,1.5Story,5,6,1941,1950,0,TA,CBlock,TA,Y,SBrkr,0,Detchd,2,660,Y,WD,Normal,128500
172,20,RL,141,31770,NA,AllPub,1Story,6,5,1960,1960,112,TA,CBlock,TA,Y,SBrkr,2,Attchd,2,528,P,WD,Normal,215000
173,160,RL,44,5306,NA,AllPub,2Story,7,7,1987,1987,0,Gd,PConc,Gd,Y,SBrkr,1,Attchd,2,504,Y,WD,Normal,239000
174,20,RL,80,10197,NA,AllPub,1Story,6,5,1961,1961,491,TA,CBlock,TA,Y,SBrkr,1,Attchd,2,504,Y,COD,Normal,163000
175,20,RL,47,12416,NA,AllPub,1Story,6,5,1986,1986,132,TA,CBlock,Gd,Y,SBrkr,1,Attchd,2,616,Y,WD,Normal,184000
176,20,RL,84,12615,NA,AllPub,1Story,6,7,1950,2001,0,TA,CBlock,TA,Y,SBrkr,1,Attchd,2,576,Y,WD,Normal,243000
177,60,RL,97,10029,NA,AllPub,2Story,6,5,1988,1989,268,Gd,PConc,Gd,Y,SBrkr,1,Attchd,2,521,Y,WD,Normal,211000
178,50,RL,NA,13650,NA,AllPub,1.5Story,5,5,1958,1958,0,Gd,CBlock,TA,Y,SBrkr,1,Attchd,2,451,Y,WD,Normal,172500
179,20,RL,63,17423,NA,AllPub,1Story,9,5,2008,2009,748,Ex,PConc,Ex,Y,SBrkr,1,Attchd,3,1166,Y,New,Partial,501837
180,30,RM,60,8520,NA,AllPub,1Story,5,6,1923,2006,0,Gd,CBlock,TA,Y,SBrkr,0,Detchd,2,480,N,WD,Normal,100000
181,160,FV,NA,2117,NA,AllPub,2Story,6,5,2000,2000,456,Gd,PConc,Gd,Y,SBrkr,1,Detchd,2,440,Y,WD,Normal,177000
182,70,RL,54,7588,NA,AllPub,2Story,7,6,1920,1950,0,TA,BrkTil,Fa,Y,SBrkr,1,Detchd,1,216,Y,WD,Normal,200100
183,20,RL,60,9060,NA,AllPub,1Story,5,6,1957,2006,98,TA,PConc,NA,Y,SBrkr,1,Attchd,1,252,Y,WD,Normal,120000
184,50,RM,63,11426,NA,AllPub,1.5Story,7,5,2003,2003,0,TA,PConc,Gd,Y,SBrkr,0,Detchd,2,484,N,WD,Normal,200000
185,50,RL,92,7438,NA,AllPub,1.5Story,5,8,1908,1991,0,TA,PConc,Fa,Y,SBrkr,0,Attchd,2,576,Y,WD,Normal,127000
186,75,RM,90,22950,NA,AllPub,2.5Story,10,9,1892,1993,0,Gd,BrkTil,TA,Y,SBrkr,2,Detchd,3,840,Y,WD,Normal,475000
187,80,RL,NA,9947,NA,AllPub,1Story,7,5,1990,1991,0,TA,PConc,Gd,Y,SBrkr,0,Attchd,2,497,Y,WD,Normal,173000
188,50,RL,60,10410,NA,AllPub,1.5Story,5,7,1916,1987,0,TA,CBlock,Fa,Y,SBrkr,0,Detchd,1,180,N,WD,Normal,135000
189,90,RL,64,7018,NA,AllPub,2Story,5,5,1979,1979,275,TA,CBlock,Gd,Y,SBrkr,2,Detchd,2,528,Y,WD,Alloca,153337
190,120,RL,41,4923,NA,AllPub,1Story,8,5,2001,2002,0,Gd,PConc,Ex,Y,SBrkr,1,Attchd,2,682,Y,WD,Normal,286000
191,70,RL,70,10570,NA,AllPub,2Story,8,8,1932,1994,0,Gd,CBlock,Gd,Y,SBrkr,2,Detchd,2,440,Y,WD,Normal,315000
192,60,RL,NA,7472,NA,AllPub,2Story,7,9,1972,2004,138,TA,CBlock,TA,Y,SBrkr,0,Attchd,2,484,Y,WD,Normal,184000
193,20,RL,68,9017,NA,AllPub,1Story,7,5,1999,1999,0,Gd,PConc,Gd,Y,SBrkr,0,Attchd,2,666,Y,WD,Normal,192000
194,160,RM,24,2522,NA,AllPub,2Story,7,5,2004,2004,50,Gd,PConc,Gd,Y,SBrkr,0,Detchd,2,380,Y,WD,Normal,130000
195,20,RL,60,7180,NA,AllPub,1Story,5,7,1972,1972,0,TA,CBlock,TA,Y,SBrkr,0,Detchd,1,352,Y,WD,Normal,127000
196,160,RL,24,2280,NA,AllPub,2Story,6,6,1976,1976,0,TA,CBlock,Gd,Y,SBrkr,1,Attchd,2,440,Y,WD,Normal,148500
197,20,RL,79,9416,NA,AllPub,1Story,7,5,2007,2007,205,Ex,PConc,Ex,Y,SBrkr,1,Attchd,3,786,Y,New,Partial,311872
198,75,RL,174,25419,NA,AllPub,2Story,8,4,1918,1990,0,Gd,PConc,TA,Y,SBrkr,1,Detchd,2,795,Y,WD,Abnorml,235000
199,75,RM,92,5520,NA,AllPub,2.5Story,6,6,1912,1950,0,TA,CBlock,TA,Y,SBrkr,0,NA,0,0,Y,WD,Abnorml,104000
200,20,RL,76,9591,NA,AllPub,1Story,8,5,2004,2005,262,Gd,PConc,Ex,Y,SBrkr,1,Attchd,3,856,Y,WD,Normal,274900
201,20,RM,80,8546,NA,AllPub,1Story,4,5,2003,2004,0,TA,PConc,Gd,Y,SBrkr,0,Attchd,2,440,Y,WD,Normal,140000
202,20,RL,75,10125,NA,AllPub,1Story,6,6,1977,1977,0,TA,CBlock,TA,Y,SBrkr,2,Detchd,2,473,Y,WD,Normal,171500
203,50,RL,50,7000,NA,AllPub,1.5Story,6,6,1924,1950,0,TA,BrkTil,Fa,Y,SBrkr,0,Attchd,1,398,Y,COD,Normal,112000
204,120,RM,NA,4438,NA,AllPub,1Story,6,5,2004,2004,205,Gd,PConc,Gd,Y,SBrkr,1,Attchd,2,420,Y,WD,Normal,149000
205,50,RM,50,3500,Grvl,AllPub,1.5Story,5,7,1947,1950,0,TA,CBlock,TA,Y,SBrkr,0,Detchd,1,240,Y,WD,Normal,110000
206,20,RL,99,11851,NA,AllPub,1Story,7,5,1990,1990,0,TA,PConc,Gd,Y,SBrkr,0,Attchd,2,500,Y,WD,Normal,180500
207,20,RL,40,13673,NA,AllPub,1Story,5,5,1962,1962,0,TA,CBlock,TA,Y,SBrkr,1,Attchd,1,349,Y,WD,Normal,143900
208,20,RL,NA,12493,NA,AllPub,1Story,4,5,1960,1960,0,TA,PConc,TA,Y,SBrkr,1,Attchd,1,312,Y,WD,Normal,141000
209,60,RL,NA,14364,NA,AllPub,2Story,7,5,1988,1989,128,Gd,CBlock,Gd,Y,SBrkr,1,Attchd,2,454,Y,WD,Normal,277000
210,20,RL,75,8250,NA,AllPub,1Story,6,7,1964,1964,260,TA,CBlock,Gd,Y,SBrkr,0,Attchd,2,504,Y,WD,Normal,145000
211,30,RL,67,5604,NA,AllPub,1Story,5,6,1925,1950,0,TA,CBlock,TA,N,FuseA,0,NA,0,0,Y,WD,Normal,98000
212,20,RL,83,10420,NA,AllPub,1Story,6,5,2009,2009,0,TA,PConc,Gd,Y,SBrkr,0,Attchd,2,460,Y,WD,Normal,186000
213,60,FV,72,8640,NA,AllPub,2Story,7,5,2009,2009,0,TA,PConc,Gd,Y,SBrkr,1,Attchd,2,644,Y,New,Partial,252678
214,20,RL,43,13568,NA,AllPub,1Story,5,5,1995,1995,0,TA,PConc,Gd,Y,SBrkr,0,Attchd,2,576,Y,WD,Normal,156000
215,60,RL,NA,10900,NA,AllPub,2Story,6,7,1977,1977,153,TA,CBlock,Gd,Y,SBrkr,0,Attchd,1,299,Y,WD,Normal,161750
216,20,RL,72,10011,NA,AllPub,1Story,5,6,1957,1996,64,TA,CBlock,TA,Y,SBrkr,1,Attchd,1,447,Y,WD,Normal,134450
217,20,RL,65,8450,NA,AllPub,1Story,7,5,2004,2004,266,Gd,PConc,Gd,Y,SBrkr,0,Attchd,2,484,Y,WD,Normal,210000
218,70,RM,57,9906,Grvl,AllPub,2Story,4,4,1925,1950,0,TA,CBlock,TA,N,SBrkr,0,Detchd,1,210,Y,WD,Family,107000
219,50,RL,NA,15660,NA,AllPub,1.5Story,7,9,1939,2006,312,Gd,CBlock,TA,Y,SBrkr,2,Attchd,2,431,Y,WD,Normal,311500
220,120,RL,43,3010,NA,AllPub,1Story,7,5,2005,2006,16,Gd,PConc,Gd,Y,SBrkr,0,Attchd,2,438,Y,New,Partial,167240
221,20,RL,73,8990,NA,AllPub,1Story,7,5,2006,2006,0,Gd,PConc,Gd,Y,SBrkr,0,Attchd,2,675,Y,New,Partial,204900
222,60,RL,NA,8068,NA,AllPub,2Story,6,5,2002,2002,0,Gd,PConc,Gd,Y,SBrkr,1,BuiltIn,2,390,Y,ConLI,Normal,200000
223,60,RL,85,11475,NA,AllPub,2Story,6,6,1975,1975,0,TA,CBlock,Gd,Y,SBrkr,1,Attchd,2,434,Y,WD,Normal,179900
224,20,RL,70,10500,NA,AllPub,1Story,4,6,1971,1971,0,TA,CBlock,TA,Y,SBrkr,0,Detchd,2,576,Y,WD,Abnorml,97000
225,20,RL,103,13472,NA,AllPub,1Story,10,5,2003,2003,922,Ex,PConc,Ex,Y,SBrkr,1,Attchd,3,968,Y,WD,Normal,386250
226,160,RM,21,1680,NA,AllPub,2Story,5,5,1971,1971,142,TA,CBlock,TA,Y,SBrkr,0,Detchd,1,280,Y,COD,Abnorml,112000
227,60,RL,82,9950,NA,AllPub,2Story,7,5,1995,1995,290,Gd,PConc,Gd,Y,SBrkr,1,Attchd,3,721,Y,WD,Abnorml,290000
228,160,RM,21,1869,NA,AllPub,2Story,6,6,1970,1970,127,TA,CBlock,TA,Y,SBrkr,0,Detchd,1,280,Y,WD,Normal,106000
229,20,RL,70,8521,NA,AllPub,1Story,5,5,1967,1967,0,TA,CBlock,TA,Y,SBrkr,1,Detchd,1,336,Y,WD,Normal,125000
230,120,RL,43,3182,NA,AllPub,1Story,7,5,2005,2006,16,Gd,PConc,Gd,Y,SBrkr,1,Attchd,2,430,Y,WD,Normal,192500
231,20,RL,73,8760,NA,AllPub,1Story,6,6,1959,1959,220,TA,CBlock,TA,Y,SBrkr,0,Attchd,1,312,Y,WD,Normal,148000
232,60,RL,174,15138,NA,AllPub,2Story,8,5,1995,1996,506,Gd,PConc,Gd,Y,SBrkr,1,Attchd,3,810,Y,WD,Normal,403000
233,160,RM,21,1680,NA,AllPub,2Story,6,5,1972,1972,297,TA,CBlock,TA,Y,SBrkr,1,Attchd,1,288,Y,WD,Normal,94500
234,20,RL,75,10650,NA,AllPub,1Story,5,6,1976,1976,0,TA,CBlock,TA,Y,SBrkr,0,Attchd,1,308,Y,WD,Normal,128200
235,60,RL,NA,7851,NA,AllPub,2Story,6,5,2002,2002,NA,Gd,PConc,Gd,Y,SBrkr,2,BuiltIn,2,440,Y,WD,Normal,216500
236,160,RM,21,1680,NA,AllPub,2Story,6,3,1971,1971,604,TA,CBlock,TA,Y,SBrkr,0,Detchd,1,264,Y,WD,Normal,89500
237,20,RL,65,8773,NA,AllPub,1Story,7,5,2004,2004,98,Gd,PConc,Gd,Y,SBrkr,0,Attchd,2,494,Y,WD,Normal,185500
238,60,RL,NA,9453,NA,AllPub,2Story,7,7,1993,2003,0,Gd,PConc,Gd,Y,SBrkr,0,Attchd,2,457,Y,WD,Normal,194500
239,20,RL,93,12030,NA,AllPub,1Story,8,5,2007,2007,254,Ex,PConc,Ex,Y,SBrkr,0,Attchd,3,818,Y,New,Partial,318000
240,50,RL,52,8741,NA,AllPub,1.5Story,6,4,1945,1950,0,TA,CBlock,TA,Y,FuseA,1,Detchd,1,220,Y,WD,Normal,113000
241,20,FV,75,9000,NA,AllPub,1Story,8,5,2008,2008,36,Gd,PConc,Gd,Y,SBrkr,0,Attchd,2,750,Y,WD,Normal,262500
242,30,RM,40,3880,NA,AllPub,1Story,5,9,1945,1997,0,TA,CBlock,TA,Y,SBrkr,0,NA,0,0,Y,WD,Normal,110500
243,50,RM,63,5000,NA,AllPub,1.5Story,5,4,1900,1950,0,TA,BrkTil,TA,N,FuseA,0,Attchd,1,352,Y,WD,Normal,79000
244,160,RL,75,10762,NA,AllPub,2Story,6,6,1980,1980,0,TA,CBlock,Gd,Y,SBrkr,1,Attchd,1,288,Y,WD,Normal,120000
245,60,RL,NA,8880,NA,AllPub,2Story,7,5,1994,2002,0,Gd,PConc,Gd,Y,SBrkr,2,Attchd,2,463,Y,WD,Normal,205000
246,20,RL,80,10400,NA,AllPub,1Story,7,5,1988,1988,102,TA,CBlock,Gd,Y,SBrkr,1,Attchd,2,604,Y,WD,Normal,241500
247,190,RM,69,9142,Grvl,AllPub,2Story,6,8,1910,1950,0,TA,Stone,Fa,N,FuseP,0,Detchd,1,440,Y,WD,Normal,137000
248,20,RL,75,11310,NA,AllPub,1Story,6,5,1954,1954,0,TA,CBlock,TA,Y,SBrkr,1,Attchd,2,451,Y,WD,Normal,140000
249,60,RL,72,11317,NA,AllPub,2Story,7,5,2003,2003,101,Gd,PConc,Gd,Y,SBrkr,0,Attchd,2,500,Y,WD,Normal,180000
250,50,RL,NA,159000,NA,AllPub,1.5Story,6,7,1958,2006,472,Gd,CBlock,Gd,Y,SBrkr,2,Attchd,2,389,Y,WD,Normal,277000
251,30,RL,55,5350,NA,AllPub,1Story,3,2,1940,1966,0,TA,CBlock,TA,Y,SBrkr,0,NA,0,0,Y,WD,Normal,76500
252,120,RM,44,4750,NA,AllPub,1Story,8,5,2006,2007,481,Gd,PConc,Gd,Y,SBrkr,1,Attchd,2,538,Y,WD,Family,235000
253,60,RL,65,8366,NA,AllPub,2Story,6,5,2004,2004,0,Gd,PConc,Gd,Y,SBrkr,0,Attchd,2,520,Y,WD,Normal,173000
254,80,RL,85,9350,NA,AllPub,1Story,6,7,1964,1991,108,TA,CBlock,Gd,Y,SBrkr,0,Attchd,1,309,Y,CWD,Normal,158000
255,20,RL,70,8400,NA,AllPub,1Story,5,6,1957,1957,0,TA,CBlock,TA,Y,SBrkr,0,Attchd,1,294,Y,WD,Normal,145000
256,60,RL,66,8738,NA,AllPub,2Story,7,5,1999,1999,302,Gd,PConc,Gd,Y,SBrkr,1,BuiltIn,2,429,Y,WD,Normal,230000
257,60,FV,64,8791,NA,AllPub,2Story,6,5,2003,2003,0,Gd,PConc,Gd,Y,SBrkr,0,Attchd,2,673,Y,WD,Normal,207500
258,20,RL,68,8814,NA,AllPub,1Story,7,5,2006,2006,180,Gd,PConc,Gd,Y,SBrkr,1,Attchd,2,660,Y,WD,Abnorml,220000
259,60,RL,80,12435,NA,AllPub,2Story,7,5,2001,2001,172,Gd,PConc,Gd,Y,SBrkr,1,Attchd,2,564,Y,WD,Normal,231500
260,20,RM,70,12702,NA,AllPub,1Story,5,5,1956,1956,0,TA,PConc,NA,Y,FuseA,0,Detchd,1,308,Y,WD,Normal,97000
261,80,RL,120,19296,NA,AllPub,1Story,6,5,1962,1962,399,TA,CBlock,TA,Y,SBrkr,1,Attchd,2,884,Y,WD,Normal,176000
262,60,RL,69,9588,NA,AllPub,2Story,8,5,2007,2007,270,Gd,PConc,Ex,Y,SBrkr,1,BuiltIn,3,868,Y,New,Partial,276000
263,80,RL,88,8471,NA,AllPub,1Story,6,7,1977,1995,46,TA,CBlock,Gd,Y,SBrkr,1,Attchd,2,492,Y,WD,Normal,151000
264,50,RM,50,5500,NA,AllPub,1.5Story,5,7,1929,2001,0,TA,BrkTil,TA,Y,SBrkr,0,Detchd,2,484,Y,WD,Normal,130000
265,30,RM,30,5232,Grvl,AllPub,1Story,5,5,1925,2004,0,TA,BrkTil,Fa,N,FuseP,0,Detchd,2,504,N,WD,Normal,73000
266,20,RL,78,12090,NA,AllPub,1Story,6,6,1981,1981,210,TA,CBlock,Gd,Y,SBrkr,1,Attchd,2,576,Y,WD,Normal,175500
267,60,RL,70,11207,NA,AllPub,2Story,6,5,1997,1997,0,TA,PConc,Gd,Y,SBrkr,1,Attchd,2,413,Y,WD,Normal,185000
268,75,RL,60,8400,NA,AllPub,2.5Story,5,8,1939,1997,0,TA,PConc,TA,Y,SBrkr,1,Detchd,1,240,Y,WD,Normal,179500
269,30,RM,71,6900,NA,AllPub,1Story,5,6,1940,1955,0,TA,CBlock,TA,Y,SBrkr,1,Detchd,1,924,Y,WD,Normal,120500
270,20,RL,NA,7917,NA,AllPub,1Story,6,7,1976,1976,174,TA,CBlock,TA,Y,SBrkr,1,Attchd,1,504,Y,WD,Normal,148000
271,60,FV,84,10728,NA,AllPub,2Story,8,5,2006,2006,0,Gd,PConc,Gd,Y,SBrkr,1,Attchd,3,1053,Y,New,Partial,266000
272,20,RL,73,39104,NA,AllPub,1Story,7,7,1954,2005,0,TA,CBlock,Gd,Y,SBrkr,2,Attchd,2,439,Y,WD,Normal,241500
273,60,RL,92,11764,NA,AllPub,2Story,8,7,1999,2007,348,Gd,PConc,Gd,Y,SBrkr,1,Attchd,3,671,Y,WD,Normal,290000
274,20,RL,80,9600,NA,AllPub,1Story,6,6,1958,1988,183,TA,CBlock,TA,Y,SBrkr,1,Attchd,1,338,Y,WD,Normal,139000
275,20,RL,76,8314,NA,AllPub,1Story,5,7,1982,1982,0,TA,CBlock,TA,Y,SBrkr,0,Attchd,1,264,Y,WD,Normal,124500
276,50,RL,55,7264,NA,AllPub,1.5Story,7,7,1925,2007,0,Gd,BrkTil,TA,N,SBrkr,0,Detchd,2,672,Y,WD,Normal,205000
277,20,RL,129,9196,NA,AllPub,1Story,7,5,2003,2003,0,Gd,PConc,Ex,Y,SBrkr,0,Attchd,2,573,Y,WD,Normal,201000
278,20,RL,140,19138,NA,AllPub,1Story,4,5,1951,1951,0,TA,CBlock,TA,Y,SBrkr,0,Detchd,2,400,Y,WD,Normal,141000
279,20,RL,107,14450,NA,AllPub,1Story,9,5,2006,2007,315,Ex,PConc,Ex,Y,SBrkr,1,Attchd,3,732,Y,New,Partial,415298
280,60,RL,83,10005,NA,AllPub,2Story,7,5,1977,1977,299,TA,CBlock,Gd,Y,SBrkr,1,Attchd,2,505,Y,WD,Normal,192000
281,60,RL,82,11287,NA,AllPub,2Story,7,6,1989,1989,340,Gd,CBlock,Gd,Y,SBrkr,1,Attchd,2,575,Y,WD,Normal,228500
282,20,FV,60,7200,Pave,AllPub,1Story,6,5,2006,2006,68,Gd,PConc,Gd,Y,SBrkr,0,Attchd,2,572,Y,New,Partial,185000
283,120,RL,34,5063,NA,AllPub,1Story,7,5,2007,2008,166,Gd,PConc,Gd,Y,SBrkr,1,Attchd,2,626,Y,ConLw,Normal,207500
284,20,RL,74,9612,NA,AllPub,1Story,8,5,2008,2009,72,Gd,PConc,Gd,Y,SBrkr,1,Attchd,3,898,Y,New,Partial,244600
285,120,RL,50,8012,NA,AllPub,1Story,6,5,1992,1992,0,Gd,PConc,Gd,Y,SBrkr,0,Attchd,2,529,Y,WD,Normal,179200
286,160,FV,35,4251,Pave,AllPub,2Story,7,5,2006,2007,0,Gd,PConc,Gd,Y,SBrkr,0,Detchd,2,528,Y,New,Partial,164700
287,50,RL,77,9786,NA,AllPub,1.5Story,6,7,1962,1981,0,TA,CBlock,TA,Y,SBrkr,1,Attchd,2,440,Y,WD,Normal,159000
288,20,RL,NA,8125,NA,AllPub,1Story,4,4,1971,1971,0,TA,CBlock,TA,Y,SBrkr,0,NA,0,0,Y,WD,Normal,88000
289,20,RL,NA,9819,NA,AllPub,1Story,5,5,1967,1967,31,TA,CBlock,TA,Y,SBrkr,0,Detchd,1,280,Y,WD,Normal,122000
290,70,RL,60,8730,NA,AllPub,2Story,6,7,1915,2003,0,TA,BrkTil,TA,Y,FuseA,0,Detchd,1,384,Y,WD,Normal,153575
291,60,RL,120,15611,NA,AllPub,2Story,8,5,2006,2006,0,Gd,PConc,Gd,Y,SBrkr,1,Attchd,2,685,Y,New,Partial,233230
292,190,RL,55,5687,Grvl,AllPub,2Story,5,6,1912,2000,0,TA,PConc,TA,N,SBrkr,0,NA,0,0,N,WD,Normal,135900
293,50,RL,60,11409,NA,AllPub,1.5Story,5,4,1949,2008,0,TA,CBlock,TA,Y,SBrkr,1,Attchd,1,281,Y,WD,Normal,131000
294,60,RL,NA,16659,NA,AllPub,2Story,7,7,1977,1994,34,TA,CBlock,TA,Y,SBrkr,1,Attchd,2,539,Y,WD,Normal,235000
295,20,RL,80,9600,NA,AllPub,1Story,6,5,1953,1953,238,TA,CBlock,TA,Y,SBrkr,2,Attchd,2,418,Y,WD,Normal,167000
296,80,RL,37,7937,NA,AllPub,1Story,6,6,1984,1984,0,TA,CBlock,TA,Y,SBrkr,0,Detchd,2,588,Y,WD,Normal,142500
297,50,RM,75,13710,NA,AllPub,1.5Story,5,5,1950,1950,0,TA,CBlock,TA,Y,FuseA,0,Attchd,1,282,Y,WD,Normal,152000
298,60,FV,66,7399,Pave,AllPub,2Story,7,5,1997,1998,1600,Gd,PConc,Gd,Y,SBrkr,1,Detchd,2,576,Y,WD,Normal,239000
299,60,RL,90,11700,NA,AllPub,2Story,6,6,1968,1968,365,Gd,CBlock,TA,Y,SBrkr,1,Attchd,2,539,Y,WD,Normal,175000
300,20,RL,80,14000,NA,AllPub,1Story,6,8,1950,2004,0,TA,CBlock,TA,Y,SBrkr,1,Attchd,1,300,Y,WD,Family,158500
301,190,RL,90,15750,NA,AllPub,1Story,5,5,1953,1953,56,TA,CBlock,TA,Y,SBrkr,2,Attchd,1,375,Y,WD,Normal,157000
302,60,RL,66,16226,NA,AllPub,2Story,8,5,1998,1999,0,Gd,PConc,Gd,Y,SBrkr,1,BuiltIn,2,683,Y,WD,Normal,267000
303,20,RL,118,13704,NA,AllPub,1Story,7,5,2001,2002,150,Gd,PConc,Gd,Y,SBrkr,1,Attchd,3,843,Y,WD,Normal,205000
304,20,RL,70,9800,NA,AllPub,1Story,5,7,1972,1972,0,TA,PConc,TA,Y,SBrkr,0,Attchd,2,552,Y,WD,Abnorml,149900
305,75,RM,87,18386,NA,AllPub,2.5Story,7,9,1880,2002,0,TA,BrkTil,TA,Y,SBrkr,1,Attchd,3,870,Y,WD,Normal,295000
306,20,RL,80,10386,NA,AllPub,1Story,8,5,2004,2005,246,Gd,PConc,Gd,Y,SBrkr,0,Attchd,3,888,Y,WD,Normal,305900
307,60,RL,116,13474,NA,AllPub,2Story,7,5,1990,1991,246,Gd,CBlock,Gd,Y,SBrkr,1,Attchd,3,746,Y,WD,Normal,225000
308,50,RM,NA,7920,Grvl,AllPub,1.5Story,6,7,1920,1950,0,TA,CBlock,TA,Y,FuseA,0,NA,0,0,N,WD,Normal,89500
309,30,RL,NA,12342,NA,AllPub,1Story,4,5,1940,1950,0,TA,CBlock,TA,Y,SBrkr,0,Detchd,2,539,Y,WD,Normal,82500
310,20,RL,90,12378,NA,AllPub,1Story,9,5,2003,2004,0,Gd,PConc,Ex,Y,SBrkr,3,Attchd,3,708,Y,WD,Normal,360000
311,60,RL,NA,7685,NA,AllPub,2Story,6,5,1993,1994,112,TA,PConc,Gd,Y,SBrkr,1,Attchd,2,420,Y,WD,Normal,165600
312,20,RL,50,8000,NA,AllPub,1Story,6,6,1948,2002,0,TA,CBlock,TA,Y,SBrkr,1,Detchd,1,240,Y,WD,Normal,132000
313,190,RM,65,7800,NA,AllPub,1.5Story,5,7,1939,1950,0,TA,CBlock,Gd,Y,SBrkr,1,Detchd,2,410,Y,WD,Normal,119900
314,20,RL,150,215245,NA,AllPub,1Story,7,5,1965,1965,0,TA,CBlock,Gd,Y,SBrkr,2,Attchd,2,513,Y,WD,Normal,375000
315,70,RM,60,9600,Grvl,AllPub,2Story,7,7,1925,1990,0,TA,BrkTil,TA,Y,SBrkr,1,Detchd,2,546,Y,WD,Normal,178000
316,60,RL,71,7795,NA,AllPub,2Story,7,5,2004,2005,0,Gd,PConc,Gd,Y,SBrkr,1,Attchd,2,432,Y,WD,Normal,188500
317,60,RL,94,13005,NA,AllPub,2Story,7,7,1980,1980,278,Gd,CBlock,Gd,Y,SBrkr,1,Attchd,2,484,Y,WD,Normal,260000
318,60,FV,75,9000,NA,AllPub,2Story,8,5,2006,2006,0,Gd,PConc,Gd,Y,SBrkr,1,Attchd,3,1025,Y,WD,Normal,270000
319,60,RL,90,9900,NA,AllPub,2Story,7,5,1993,1993,256,Gd,PConc,Gd,Y,SBrkr,1,Attchd,3,656,Y,WD,Normal,260000
320,80,RL,NA,14115,NA,AllPub,1Story,7,5,1980,1980,225,TA,CBlock,Gd,Y,SBrkr,2,Attchd,2,588,Y,WD,Normal,187500
321,60,RL,111,16259,NA,AllPub,2Story,9,5,2006,2006,370,TA,PConc,Ex,Y,SBrkr,0,Attchd,3,840,Y,New,Partial,342643
322,60,RL,99,12099,NA,AllPub,2Story,8,5,2004,2004,388,Gd,PConc,Ex,Y,SBrkr,1,BuiltIn,3,872,Y,WD,Normal,354000
323,60,RL,86,10380,NA,AllPub,2Story,7,5,1986,1987,172,Gd,CBlock,TA,Y,SBrkr,1,Attchd,2,576,Y,WD,Normal,301000
324,20,RM,49,5820,NA,AllPub,1Story,3,8,1955,2005,0,TA,CBlock,TA,Y,SBrkr,0,Attchd,1,220,Y,WD,Normal,126175
325,80,RL,96,11275,NA,AllPub,1Story,7,7,1967,2007,300,Gd,CBlock,Gd,Y,SBrkr,1,BuiltIn,2,564,Y,WD,Normal,242000
326,45,RM,50,5000,NA,AllPub,1.5Story,5,6,1941,1950,0,TA,CBlock,TA,N,FuseF,0,Detchd,2,360,Y,WD,Normal,87000
327,120,RL,32,10846,NA,AllPub,1Story,8,5,1993,1993,0,Gd,PConc,Gd,Y,SBrkr,2,Attchd,2,473,Y,Con,Normal,324000
328,20,RL,80,11600,NA,AllPub,1Story,6,5,1960,1960,175,TA,CBlock,TA,Y,SBrkr,0,Attchd,1,292,Y,WD,Normal,145250
329,75,RL,NA,11888,Pave,AllPub,2.5Story,6,6,1916,1994,0,TA,BrkTil,TA,N,FuseA,0,Detchd,2,441,Y,WD,Normal,214500
330,70,RM,60,6402,NA,AllPub,2Story,5,5,1920,1950,0,TA,PConc,TA,N,SBrkr,0,Detchd,1,189,N,WD,Normal,78000
331,90,RL,NA,10624,NA,AllPub,1Story,5,4,1964,1964,84,TA,CBlock,TA,Y,SBrkr,0,Detchd,1,352,Y,WD,Normal,119000
332,20,RL,70,8176,NA,AllPub,1Story,5,6,1958,1992,0,TA,CBlock,TA,Y,SBrkr,0,Attchd,1,308,Y,WD,Normal,139000
333,20,RL,85,10655,NA,AllPub,1Story,8,5,2003,2004,296,Gd,PConc,Gd,Y,SBrkr,1,Attchd,3,880,Y,WD,Normal,284000
334,120,RM,59,8198,NA,AllPub,1Story,7,5,2004,2004,146,Gd,PConc,Gd,Y,SBrkr,1,Attchd,2,484,Y,WD,Normal,207000
335,60,RL,59,9042,NA,AllPub,2Story,6,5,1998,1998,0,TA,PConc,Gd,Y,SBrkr,2,Attchd,2,472,Y,WD,Normal,192000
336,190,RL,NA,164660,NA,AllPub,1.5Story,5,6,1965,1965,0,TA,CBlock,TA,Y,SBrkr,2,Attchd,2,529,Y,WD,Normal,228950
337,20,RL,86,14157,NA,AllPub,1Story,9,5,2005,2006,200,Gd,PConc,Ex,Y,SBrkr,1,Attchd,3,676,Y,WD,Normal,377426
338,20,RL,70,9135,NA,AllPub,1Story,7,5,2002,2003,113,Gd,PConc,Gd,Y,SBrkr,0,Attchd,2,532,Y,WD,Normal,214000
339,20,RL,91,14145,NA,AllPub,1Story,7,7,1984,1998,0,Gd,CBlock,Gd,Y,SBrkr,0,Attchd,2,440,Y,WD,Normal,202500
340,20,RL,66,12400,NA,AllPub,1Story,6,7,1958,1998,176,TA,CBlock,TA,Y,FuseA,0,Attchd,1,297,Y,WD,Normal,155000
341,60,RL,85,14191,NA,AllPub,2Story,8,5,2002,2002,0,Gd,PConc,Gd,Y,SBrkr,0,Attchd,2,431,Y,WD,Normal,202900
342,20,RH,60,8400,NA,AllPub,1Story,4,4,1950,1950,0,Fa,CBlock,TA,Y,SBrkr,0,BuiltIn,1,294,N,WD,Normal,82000
343,90,RL,NA,8544,NA,AllPub,1Story,3,4,1949,1950,340,TA,Slab,NA,N,FuseA,0,Detchd,2,400,Y,WD,Normal,87500
344,120,RL,63,8849,NA,AllPub,1Story,9,5,2005,2005,616,Ex,PConc,Ex,Y,SBrkr,1,Attchd,2,564,Y,WD,Normal,266000
345,160,RM,36,2592,NA,AllPub,2Story,5,3,1976,1976,0,TA,CBlock,Gd,Y,SBrkr,0,Attchd,1,336,Y,WD,Normal,85000
346,50,RL,65,6435,NA,AllPub,1.5Story,6,5,1939,1950,0,TA,BrkTil,TA,Y,SBrkr,1,Detchd,1,312,Y,WD,Normal,140200
347,20,RL,NA,12772,NA,AllPub,1Story,6,8,1960,1998,0,TA,CBlock,TA,Y,SBrkr,0,Attchd,1,301,Y,WD,Normal,151500
348,20,RL,NA,17600,NA,AllPub,1Story,6,5,1960,1960,30,TA,CBlock,TA,Y,FuseA,2,Attchd,2,498,Y,WD,Normal,157500
349,160,RL,36,2448,NA,AllPub,2Story,7,5,2003,2004,106,Gd,PConc,Gd,Y,SBrkr,0,BuiltIn,2,474,Y,WD,Normal,154000
350,60,RL,56,20431,NA,AllPub,2Story,9,5,2005,2006,870,Ex,PConc,Ex,Y,SBrkr,2,Attchd,3,706,Y,New,Partial,437154
351,120,RL,68,7820,NA,AllPub,1Story,9,5,2007,2007,362,Ex,PConc,Ex,Y,SBrkr,1,Attchd,2,617,Y,New,Partial,318061
352,120,RL,NA,5271,NA,AllPub,1Story,7,5,1986,1986,0,TA,PConc,Gd,Y,SBrkr,1,Attchd,2,445,Y,WD,Abnorml,190000
353,50,RL,60,9084,NA,AllPub,1.5Story,5,6,1941,1950,0,TA,CBlock,TA,N,SBrkr,0,Detchd,1,200,Y,ConLw,Normal,95000
354,30,RM,60,8520,NA,AllPub,1Story,6,8,1928,2003,0,TA,BrkTil,TA,Y,SBrkr,0,Detchd,2,484,Y,WD,Normal,105900
355,50,RL,60,8400,NA,AllPub,1.5Story,6,5,1940,2000,0,TA,CBlock,TA,Y,SBrkr,2,Attchd,1,240,Y,WD,Normal,140000
356,20,RL,105,11249,NA,AllPub,1Story,6,5,1995,1995,0,Gd,PConc,Gd,Y,SBrkr,0,Attchd,2,521,Y,WD,Normal,177500
357,20,RL,NA,9248,NA,AllPub,1Story,6,6,1992,1992,106,TA,PConc,Gd,Y,SBrkr,0,Attchd,2,400,Y,WD,Normal,173000
358,120,RM,44,4224,NA,AllPub,1Story,5,5,1976,1976,0,TA,PConc,Gd,Y,SBrkr,1,Attchd,2,528,Y,WD,Normal,134000
359,80,RL,92,6930,NA,AllPub,1Story,5,4,1958,1958,120,TA,CBlock,TA,Y,FuseF,0,BuiltIn,1,288,Y,WD,Abnorml,130000
360,60,RL,78,12011,NA,AllPub,2Story,8,5,1998,1998,530,Gd,PConc,Gd,Y,SBrkr,1,Attchd,2,592,Y,WD,Normal,280000
361,85,RL,NA,7540,NA,AllPub,2Story,6,6,1978,1978,0,TA,CBlock,Gd,Y,SBrkr,1,Attchd,2,470,Y,WD,Normal,156000
362,50,RL,NA,9144,Pave,AllPub,1.5Story,5,5,1940,1982,0,TA,CBlock,TA,Y,SBrkr,0,Detchd,1,240,N,WD,Normal,145000
363,85,RL,64,7301,NA,AllPub,2Story,7,5,2003,2003,500,Gd,Slab,NA,Y,SBrkr,1,BuiltIn,2,672,Y,ConLD,Normal,198500
364,160,RM,21,1680,NA,AllPub,2Story,6,8,1972,2007,510,TA,CBlock,TA,Y,SBrkr,0,Detchd,1,264,Y,WD,Normal,118000
365,60,RL,NA,18800,NA,AllPub,2Story,6,5,1976,1976,120,TA,PConc,Gd,Y,SBrkr,1,Attchd,2,566,Y,WD,Normal,190000
366,70,RM,59,10690,NA,AllPub,2Story,5,7,1920,1997,0,TA,CBlock,TA,Y,FuseA,0,Detchd,1,468,Y,WD,Normal,147000
367,20,RL,NA,9500,NA,AllPub,1Story,6,5,1963,1963,247,TA,CBlock,Gd,Y,SBrkr,2,Attchd,2,514,Y,WD,Normal,159000
368,80,RL,101,9150,NA,AllPub,1Story,6,5,1962,1962,305,TA,CBlock,Gd,Y,SBrkr,1,Attchd,1,296,Y,WD,Normal,165000
369,20,RL,78,7800,NA,AllPub,1Story,5,6,1954,1954,200,TA,PConc,TA,Y,SBrkr,1,Attchd,1,244,Y,WD,Normal,132000
370,20,RL,NA,9830,NA,AllPub,1Story,5,7,1959,2006,0,TA,CBlock,TA,Y,SBrkr,1,Detchd,2,576,Y,WD,Normal,162000
371,60,RL,NA,8121,NA,AllPub,2Story,6,5,2000,2000,0,TA,PConc,Gd,Y,SBrkr,1,Attchd,2,460,Y,WD,Normal,172400
372,50,RL,80,17120,NA,AllPub,1.5Story,4,4,1959,1959,0,TA,CBlock,NA,Y,SBrkr,1,Detchd,2,680,N,WD,Normal,134432
373,120,RL,50,7175,NA,AllPub,1Story,6,5,1984,1984,0,TA,CBlock,Gd,Y,SBrkr,0,Attchd,1,264,Y,WD,Normal,125000
374,20,RL,79,10634,NA,AllPub,1Story,5,6,1953,1953,0,TA,PConc,TA,Y,SBrkr,0,Attchd,1,270,Y,WD,Normal,123000
375,60,RL,65,8200,NA,AllPub,2Story,7,5,2003,2004,0,Gd,PConc,Gd,Y,SBrkr,1,BuiltIn,2,434,Y,WD,Normal,219500
376,30,RL,NA,10020,NA,AllPub,1Story,1,1,1922,1950,0,Fa,BrkTil,Fa,N,FuseA,0,NA,0,0,Y,WD,Normal,61000
377,85,RL,57,8846,NA,AllPub,2Story,5,5,1996,1996,0,Gd,PConc,Gd,Y,SBrkr,0,Detchd,2,576,Y,WD,Normal,148000
378,60,FV,102,11143,NA,AllPub,2Story,8,5,2004,2005,0,Gd,PConc,Gd,Y,SBrkr,1,Attchd,2,610,Y,WD,Normal,340000
379,20,RL,88,11394,NA,AllPub,1Story,9,2,2010,2010,350,Gd,PConc,Ex,Y,SBrkr,1,Attchd,3,834,Y,New,Partial,394432
380,60,RL,60,8123,NA,AllPub,2Story,6,5,2000,2000,16,TA,PConc,Gd,Y,SBrkr,1,Attchd,2,463,Y,WD,Normal,179000
381,50,RL,50,5000,Pave,AllPub,1.5Story,5,6,1924,1950,0,TA,BrkTil,TA,Y,SBrkr,1,Detchd,1,308,Y,WD,Normal,127000
382,20,FV,60,7200,Pave,AllPub,1Story,7,5,2006,2006,0,Gd,PConc,Gd,Y,SBrkr,1,Attchd,2,572,Y,New,Partial,187750
383,60,RL,79,9245,NA,AllPub,2Story,7,5,2006,2006,0,Gd,PConc,Gd,Y,SBrkr,0,Attchd,2,639,Y,WD,Normal,213500
384,45,RH,60,9000,NA,AllPub,1.5Story,6,3,1928,1950,0,TA,BrkTil,Fa,N,FuseA,0,Detchd,2,360,N,WD,Normal,76000
385,60,RL,NA,53107,NA,AllPub,2Story,6,5,1992,1992,0,Gd,PConc,Gd,Y,SBrkr,2,Attchd,2,501,Y,WD,Normal,240000
386,120,RL,43,3182,NA,AllPub,1Story,8,5,2004,2005,16,Gd,PConc,Gd,Y,SBrkr,1,Attchd,2,430,Y,WD,Normal,192000
387,50,RL,58,8410,NA,AllPub,1.5Story,5,3,1910,1996,0,TA,PConc,TA,Y,SBrkr,0,NA,0,0,N,WD,AdjLand,81000
388,80,RL,72,7200,NA,AllPub,1Story,6,6,1976,1976,255,TA,CBlock,TA,Y,SBrkr,1,Detchd,1,352,Y,WD,Abnorml,125000
389,20,RL,93,9382,NA,AllPub,1Story,7,5,1999,2000,125,Gd,PConc,Gd,Y,SBrkr,0,Attchd,2,577,Y,WD,Normal,191000
390,60,RL,96,12474,NA,AllPub,2Story,10,5,2007,2008,272,Ex,PConc,Ex,Y,SBrkr,1,BuiltIn,3,846,Y,New,Partial,426000
391,50,RL,50,8405,Grvl,AllPub,1.5Story,5,8,1900,1950,0,TA,BrkTil,TA,Y,SBrkr,0,Detchd,1,384,Y,WD,Normal,119000
392,60,RL,71,12209,NA,AllPub,2Story,6,5,2001,2002,0,TA,PConc,Ex,Y,SBrkr,1,BuiltIn,2,560,Y,WD,Normal,215000
393,20,RL,NA,8339,NA,AllPub,1Story,5,7,1959,1959,0,TA,Slab,NA,Y,SBrkr,0,Attchd,1,294,Y,WD,Normal,106500
394,30,RL,NA,7446,NA,AllPub,1Story,4,5,1941,1950,0,TA,CBlock,TA,Y,FuseA,2,NA,0,0,Y,WD,Abnorml,100000
395,50,RL,60,10134,NA,AllPub,1.5Story,5,6,1940,1950,0,TA,CBlock,TA,Y,FuseA,0,Detchd,1,240,Y,WD,Normal,109000
396,20,RL,68,9571,NA,AllPub,1Story,5,6,1956,1956,0,TA,CBlock,TA,Y,SBrkr,0,Attchd,1,596,Y,WD,Normal,129000
397,20,RL,60,7200,NA,AllPub,1Story,5,5,1972,1972,0,TA,CBlock,TA,Y,SBrkr,0,Detchd,2,600,Y,WD,Normal,123000
398,60,RL,69,7590,NA,AllPub,2Story,5,5,1962,1962,288,TA,CBlock,TA,Y,SBrkr,1,Attchd,1,264,Y,WD,Normal,169500
399,30,RM,60,8967,NA,AllPub,1Story,5,2,1920,1950,0,TA,BrkTil,Fa,Y,Mix,0,Detchd,1,338,N,WD,Abnorml,67000
400,60,FV,65,8125,NA,AllPub,2Story,7,5,2006,2007,100,Gd,PConc,Gd,Y,SBrkr,0,Attchd,2,438,Y,WD,Normal,241000
401,120,RL,38,14963,NA,AllPub,1Story,8,5,1996,1996,0,Gd,PConc,Gd,Y,SBrkr,2,Attchd,2,500,Y,WD,Normal,245500
402,20,RL,65,8767,NA,AllPub,1Story,7,5,2005,2005,0,Gd,PConc,Gd,Y,SBrkr,1,Attchd,2,400,Y,New,Partial,164990
403,30,RL,60,10200,NA,AllPub,1Story,5,8,1940,1997,0,TA,PConc,TA,Y,SBrkr,0,Detchd,1,240,N,WD,Normal,108000
404,60,RL,93,12090,NA,AllPub,2Story,8,5,1998,1998,650,Gd,PConc,Gd,Y,SBrkr,1,BuiltIn,2,420,Y,WD,Abnorml,258000
405,60,RL,NA,10364,NA,AllPub,2Story,6,5,1995,1996,0,TA,PConc,Gd,Y,SBrkr,1,BuiltIn,2,373,Y,WD,Normal,168000
406,20,RL,NA,9991,NA,AllPub,1Story,4,4,1976,1993,0,TA,CBlock,TA,Y,SBrkr,1,Attchd,2,490,Y,WD,Normal,150000
407,50,RL,51,10480,NA,AllPub,1.5Story,6,5,1936,1950,0,TA,BrkTil,TA,Y,FuseA,0,Detchd,1,240,Y,WD,Normal,115000
408,70,RL,63,15576,NA,AllPub,2Story,6,7,1915,1976,0,TA,BrkTil,Gd,Y,SBrkr,0,Attchd,1,308,Y,WD,Normal,177000
409,60,RL,109,14154,NA,AllPub,2Story,7,5,2006,2006,350,Gd,PConc,Ex,Y,SBrkr,1,Attchd,3,947,Y,New,Partial,280000
410,60,FV,85,10800,NA,AllPub,2Story,8,5,2007,2008,100,Gd,PConc,Ex,Y,SBrkr,1,Attchd,3,836,Y,New,Partial,339750
411,20,RL,68,9571,NA,AllPub,1Story,5,3,1958,1958,0,TA,CBlock,TA,Y,FuseA,0,Attchd,1,350,Y,COD,Abnorml,60000
412,190,RL,100,34650,NA,AllPub,1Story,5,5,1955,1955,0,TA,CBlock,TA,N,SBrkr,0,Attchd,2,572,Y,WD,Normal,145000
413,20,FV,NA,4403,NA,AllPub,1Story,7,5,2009,2009,432,Ex,PConc,Ex,Y,SBrkr,1,Attchd,2,484,Y,New,Partial,222000
414,30,RM,56,8960,Grvl,AllPub,1Story,5,6,1927,1950,0,TA,CBlock,TA,Y,FuseA,1,Detchd,2,360,Y,WD,Normal,115000
415,60,RL,59,11228,NA,AllPub,2Story,7,5,1993,1993,0,Gd,PConc,Gd,Y,SBrkr,1,Attchd,3,678,Y,WD,Normal,228000
416,20,RL,73,8899,NA,AllPub,1Story,7,5,2007,2007,0,Gd,PConc,Gd,Y,SBrkr,0,Attchd,2,396,Y,New,Partial,181134
417,60,RL,74,7844,NA,AllPub,2Story,6,7,1978,1978,203,TA,CBlock,TA,Y,SBrkr,1,Attchd,2,440,Y,WD,Normal,149500
418,70,RL,86,22420,NA,AllPub,2Story,6,6,1918,1950,0,TA,BrkTil,Gd,N,FuseA,1,Detchd,3,864,N,WD,Normal,239000
419,50,RL,60,8160,NA,AllPub,1.5Story,5,6,1940,1950,0,TA,BrkTil,TA,N,FuseF,0,Detchd,1,240,P,WD,AdjLand,126000
420,20,RL,65,8450,NA,AllPub,1Story,5,6,1968,1968,0,TA,CBlock,TA,Y,SBrkr,1,Attchd,1,304,Y,WD,Normal,142000
421,90,RM,78,7060,NA,AllPub,2Story,7,5,1997,1998,200,TA,PConc,Gd,Y,SBrkr,0,Attchd,4,784,Y,WD,Alloca,206300
422,20,RL,NA,16635,NA,AllPub,1Story,6,7,1977,2000,126,Gd,CBlock,Gd,Y,SBrkr,1,Attchd,2,529,Y,WD,Normal,215000
423,20,RL,100,21750,NA,AllPub,1Story,5,5,1954,1954,0,TA,CBlock,TA,Y,FuseA,0,Attchd,2,520,N,WD,Normal,113000
424,60,RL,80,9200,NA,AllPub,2Story,8,5,1998,1998,473,Gd,PConc,Gd,Y,SBrkr,1,Attchd,3,696,Y,WD,Normal,315000
425,20,RL,72,9000,NA,AllPub,1Story,6,5,1956,1956,74,TA,CBlock,Gd,Y,FuseA,1,Attchd,1,297,Y,WD,Normal,139000
426,60,RM,60,3378,Grvl,AllPub,2Story,7,8,1946,1992,0,TA,CBlock,TA,Y,SBrkr,2,Detchd,1,240,P,WD,Normal,135000
427,80,RL,NA,12800,NA,AllPub,1Story,7,5,1989,1989,145,Gd,PConc,Gd,Y,SBrkr,1,Attchd,2,569,Y,WD,Normal,275000
428,20,RL,77,8593,NA,AllPub,1Story,4,6,1957,1957,0,TA,CBlock,TA,Y,SBrkr,0,Detchd,1,352,Y,WD,Normal,109008
429,20,RL,64,6762,NA,AllPub,1Story,7,5,2007,2007,108,Gd,PConc,Gd,Y,SBrkr,0,Attchd,2,628,Y,New,Partial,195400
430,20,RL,130,11457,NA,AllPub,1Story,6,5,1988,1988,0,TA,CBlock,Gd,Y,SBrkr,1,Attchd,2,576,Y,WD,Normal,175000
431,160,RM,21,1680,NA,AllPub,2Story,6,5,1971,1971,232,TA,CBlock,TA,Y,SBrkr,0,Detchd,1,264,Y,COD,Abnorml,85400
432,50,RM,60,5586,NA,AllPub,1.5Story,6,7,1920,1998,0,TA,BrkTil,TA,Y,SBrkr,0,NA,0,0,N,ConLD,Abnorml,79900
433,160,RM,24,1920,NA,AllPub,2Story,5,5,1971,1971,376,TA,CBlock,TA,Y,SBrkr,0,Detchd,2,440,Y,WD,Normal,122500
434,60,RL,100,10839,NA,AllPub,2Story,6,5,1997,1998,0,TA,PConc,Gd,Y,SBrkr,1,Attchd,2,470,Y,WD,Normal,181000
435,180,RM,21,1890,NA,AllPub,2Story,4,7,1972,1972,0,TA,CBlock,Gd,Y,SBrkr,0,NA,0,0,Y,WD,Normal,81000
436,60,RL,43,10667,NA,AllPub,2Story,7,6,1996,1996,0,Gd,PConc,Gd,Y,SBrkr,1,Attchd,2,550,Y,ConLw,Normal,212000
437,50,RM,40,4400,NA,AllPub,1.5Story,6,8,1920,1950,0,TA,BrkTil,Fa,Y,FuseA,0,Detchd,2,440,Y,WD,Normal,116000
438,45,RM,50,6000,NA,AllPub,1.5Story,6,7,1926,2004,0,Gd,PConc,TA,Y,SBrkr,0,Detchd,1,180,Y,WD,Normal,119000
439,30,RL,40,4280,NA,AllPub,1Story,5,6,1913,2002,0,TA,PConc,TA,N,SBrkr,1,Detchd,1,352,P,WD,Normal,90350
440,50,RL,67,12354,Grvl,AllPub,1.5Story,6,8,1920,2000,0,TA,BrkTil,TA,Y,SBrkr,0,Detchd,2,528,Y,ConLI,Normal,110000
441,20,RL,105,15431,NA,AllPub,1Story,10,5,2008,2008,200,Ex,PConc,Ex,Y,SBrkr,2,Attchd,3,672,Y,WD,Normal,555000
442,90,RL,92,12108,NA,AllPub,1Story,4,4,1955,1955,270,TA,CBlock,TA,N,FuseF,0,NA,0,0,Y,WD,Normal,118000
443,50,RM,52,6240,NA,AllPub,1.5Story,5,7,1930,1992,0,TA,PConc,TA,Y,SBrkr,1,Detchd,2,360,P,WD,Normal,162900
444,120,RL,53,3922,NA,AllPub,1Story,7,5,2006,2007,72,Gd,PConc,Ex,Y,SBrkr,1,Attchd,3,648,Y,New,Partial,172500
445,60,RL,70,8750,NA,AllPub,2Story,7,5,1994,1995,0,Gd,PConc,Gd,Y,SBrkr,1,Attchd,2,493,Y,WD,Normal,210000
446,20,RL,73,9855,NA,AllPub,1Story,6,5,1956,1956,0,TA,CBlock,TA,Y,SBrkr,1,Attchd,2,480,Y,COD,Normal,127500
447,20,RL,137,16492,NA,AllPub,1Story,6,6,1966,2002,0,Gd,CBlock,TA,Y,SBrkr,1,Attchd,2,578,Y,WD,Normal,190000
448,60,RL,NA,11214,NA,AllPub,2Story,7,5,1998,1999,0,Gd,PConc,Gd,Y,SBrkr,1,Attchd,2,431,Y,WD,Normal,199900
449,50,RM,50,8600,NA,AllPub,1.5Story,6,6,1937,1950,0,TA,BrkTil,TA,Y,SBrkr,1,Detchd,1,198,N,WD,Normal,119500
450,50,RM,50,6000,NA,AllPub,1.5Story,3,7,1948,2002,0,TA,CBlock,TA,Y,SBrkr,0,Detchd,1,308,Y,WD,Normal,120000
451,30,RM,70,5684,NA,AllPub,1Story,6,8,1930,2005,0,TA,BrkTil,TA,Y,FuseA,0,Detchd,1,270,N,WD,Normal,110000
452,20,RL,62,70761,NA,AllPub,1Story,7,5,1975,1975,0,TA,CBlock,Gd,Y,SBrkr,2,Attchd,2,576,Y,WD,Normal,280000
453,60,RL,NA,9303,NA,AllPub,2Story,6,5,1996,1997,42,Gd,PConc,Ex,Y,SBrkr,0,Attchd,2,422,Y,WD,Normal,204000
454,60,FV,75,9000,NA,AllPub,2Story,8,5,2008,2008,0,Gd,PConc,Gd,Y,SBrkr,0,Attchd,2,676,Y,WD,Normal,210000
455,90,RL,63,9297,NA,AllPub,1Story,5,5,1976,1976,0,TA,CBlock,TA,Y,SBrkr,0,Detchd,2,560,Y,WD,Family,188000
456,20,RL,80,9600,NA,AllPub,1Story,7,6,1973,1973,320,TA,CBlock,TA,Y,SBrkr,1,Attchd,2,528,Y,WD,Normal,175500
457,70,RM,34,4571,Grvl,AllPub,2Story,5,5,1916,1950,0,TA,BrkTil,TA,N,SBrkr,0,Detchd,3,513,Y,COD,Abnorml,98000
458,20,RL,NA,53227,NA,AllPub,1Story,4,6,1954,1994,0,TA,CBlock,Gd,Y,SBrkr,2,Attchd,2,529,Y,WD,Normal,256000
459,70,RM,NA,5100,Grvl,AllPub,2Story,8,7,1925,1996,0,TA,PConc,TA,Y,SBrkr,1,Detchd,1,228,Y,WD,Normal,161000
460,50,RL,NA,7015,NA,AllPub,1.5Story,5,4,1950,1950,161,TA,CBlock,TA,Y,SBrkr,1,Detchd,1,352,Y,WD,Normal,110000
461,60,FV,75,8004,NA,AllPub,2Story,8,5,2009,2009,110,Gd,PConc,Gd,Y,SBrkr,0,BuiltIn,2,552,Y,New,Partial,263435
462,70,RL,60,7200,NA,AllPub,2Story,7,9,1936,2007,0,Gd,PConc,Gd,Y,SBrkr,0,Detchd,2,576,Y,WD,Normal,155000
463,20,RL,60,8281,NA,AllPub,1Story,5,5,1965,1965,0,TA,CBlock,TA,Y,SBrkr,1,Detchd,1,360,Y,WD,Normal,62383
464,70,RL,74,11988,NA,AllPub,2Story,6,7,1934,1995,0,TA,CBlock,TA,Y,FuseA,1,Detchd,1,240,Y,WD,Normal,188700
465,20,RL,60,8430,NA,AllPub,1Story,5,5,1978,1978,136,TA,CBlock,Gd,Y,SBrkr,0,NA,0,0,Y,WD,Normal,124000
466,120,RM,NA,3072,NA,AllPub,1Story,7,5,2004,2004,18,Gd,PConc,Gd,Y,SBrkr,1,Attchd,2,398,Y,WD,Normal,178740
467,20,RL,85,10628,NA,AllPub,1Story,7,5,1970,1970,0,TA,CBlock,TA,Y,SBrkr,1,Attchd,2,526,Y,WD,Normal,167000
468,70,RL,79,9480,NA,AllPub,2Story,5,7,1942,1995,224,TA,CBlock,TA,Y,SBrkr,2,Attchd,1,312,Y,WD,Normal,146500
469,20,RL,98,11428,NA,AllPub,1Story,8,5,2006,2006,248,Gd,PConc,Gd,Y,SBrkr,1,Attchd,3,866,Y,WD,Normal,250000
470,60,RL,76,9291,NA,AllPub,2Story,6,5,1993,1993,120,Gd,PConc,Gd,Y,SBrkr,0,Attchd,2,506,Y,WD,Normal,187000
471,120,RL,NA,6820,NA,AllPub,1Story,8,5,1985,1985,0,Gd,PConc,Gd,Y,SBrkr,0,Attchd,2,528,Y,WD,Normal,212000
472,60,RL,92,11952,NA,AllPub,2Story,7,6,1977,1977,0,TA,CBlock,Gd,Y,SBrkr,1,Attchd,2,534,Y,WD,Normal,190000
473,180,RM,35,3675,NA,AllPub,1Story,6,5,2005,2005,80,TA,PConc,Gd,Y,SBrkr,0,Attchd,2,525,Y,WD,Normal,148000
474,20,RL,110,14977,NA,AllPub,1Story,8,5,2006,2007,304,Gd,PConc,Ex,Y,SBrkr,1,Attchd,3,908,Y,New,Partial,440000
475,120,RL,41,5330,NA,AllPub,1Story,8,5,2000,2000,0,Gd,PConc,Gd,Y,SBrkr,0,Attchd,2,499,Y,WD,Normal,251000
476,20,RL,80,8480,NA,AllPub,1Story,5,6,1963,1963,0,TA,CBlock,TA,Y,SBrkr,0,Detchd,2,624,Y,WD,Normal,132500
477,20,RL,75,13125,NA,AllPub,1Story,6,5,1997,1998,215,TA,PConc,Gd,Y,SBrkr,1,Attchd,2,508,Y,WD,Normal,208900
478,60,RL,105,13693,NA,AllPub,2Story,9,5,2006,2006,772,Ex,PConc,Gd,Y,SBrkr,1,BuiltIn,3,694,Y,WD,Normal,380000
479,20,RL,79,10637,NA,AllPub,1Story,8,5,2007,2008,336,Gd,PConc,Ex,Y,SBrkr,1,Attchd,3,826,Y,WD,Normal,297000
480,30,RM,50,5925,NA,AllPub,1Story,4,7,1937,2000,435,TA,BrkTil,Fa,Y,SBrkr,0,Detchd,2,672,Y,WD,Alloca,89471
481,20,RL,98,16033,NA,AllPub,1Story,9,5,2004,2005,378,Gd,PConc,Ex,Y,SBrkr,1,Attchd,3,772,Y,WD,Normal,326000
482,20,RL,72,11846,NA,AllPub,1Story,9,5,2003,2004,562,Gd,PConc,Ex,Y,SBrkr,1,Attchd,3,874,Y,WD,Normal,374000
483,70,RM,50,2500,Pave,AllPub,2Story,7,8,1915,2005,0,Gd,PConc,TA,Y,SBrkr,1,Attchd,1,164,Y,WD,Normal,155000
484,120,RM,32,4500,NA,AllPub,1Story,6,5,1998,1998,116,TA,PConc,Ex,Y,SBrkr,0,Attchd,2,402,Y,WD,Normal,164000
485,20,RL,NA,7758,NA,AllPub,1Story,5,7,1962,2001,0,TA,CBlock,TA,Y,SBrkr,0,Detchd,1,264,Y,WD,Normal,132500
486,20,RL,80,9600,NA,AllPub,1Story,5,7,1950,2007,0,Gd,CBlock,TA,Y,SBrkr,1,Attchd,1,264,Y,WD,Normal,147000
487,20,RL,79,10289,NA,AllPub,1Story,5,7,1965,1965,168,TA,CBlock,TA,Y,SBrkr,0,Attchd,2,515,Y,WD,Normal,156000
488,20,RL,70,12243,NA,AllPub,1Story,5,6,1971,1971,0,TA,CBlock,Gd,Y,SBrkr,1,Attchd,2,487,Y,WD,Normal,175000
489,190,RL,60,10800,NA,AllPub,1.5Story,5,4,1900,1970,0,TA,CBlock,TA,N,FuseA,1,Attchd,2,520,N,ConLD,Normal,160000
490,180,RM,21,1526,NA,AllPub,2Story,4,8,1970,2002,0,TA,CBlock,Gd,Y,SBrkr,0,Attchd,1,286,Y,WD,Normal,86000
491,160,RM,NA,2665,NA,AllPub,2Story,5,6,1976,1976,0,TA,PConc,Gd,Y,SBrkr,1,BuiltIn,1,336,Y,WD,Normal,115000
492,50,RL,79,9490,NA,AllPub,1.5Story,6,7,1941,1950,0,TA,CBlock,TA,Y,FuseA,2,Attchd,1,240,Y,WD,Normal,133000
493,60,RL,105,15578,NA,AllPub,2Story,6,5,2006,2006,0,Gd,PConc,Gd,Y,SBrkr,0,Attchd,2,429,Y,New,Partial,172785
494,20,RL,70,7931,NA,AllPub,1Story,5,6,1960,1960,0,TA,CBlock,TA,Y,FuseA,1,Detchd,1,308,Y,WD,Normal,155000
495,30,RM,50,5784,NA,AllPub,1Story,5,8,1938,1996,0,TA,BrkTil,Fa,Y,FuseA,0,Attchd,1,273,Y,WD,Normal,91300
496,30,C (all),60,7879,NA,AllPub,1Story,4,5,1920,1950,0,TA,CBlock,TA,N,FuseA,0,NA,0,0,N,WD,Abnorml,34900
497,20,RL,NA,12692,NA,AllPub,1Story,8,5,1992,1993,0,Gd,PConc,Gd,Y,SBrkr,1,Attchd,2,546,Y,WD,Normal,430000
498,50,RL,60,9120,Pave,AllPub,1.5Story,7,6,1925,1950,0,TA,PConc,TA,Y,SBrkr,0,Detchd,1,240,N,WD,Normal,184000
499,20,RL,65,7800,NA,AllPub,1Story,5,7,1967,2004,89,TA,PConc,TA,Y,SBrkr,0,Attchd,1,288,Y,WD,Normal,130000
500,20,RL,70,7535,NA,AllPub,1Story,5,7,1958,1985,0,TA,CBlock,TA,Y,SBrkr,0,Attchd,1,297,Y,WD,Normal,120000
501,160,RM,21,1890,NA,AllPub,2Story,6,5,1973,1973,285,TA,CBlock,TA,Y,SBrkr,0,Detchd,1,264,Y,WD,Normal,113000
502,60,FV,75,9803,NA,AllPub,2Story,7,5,2005,2005,0,Gd,PConc,Gd,Y,SBrkr,0,Attchd,2,603,Y,WD,Normal,226700
503,20,RL,70,9170,NA,AllPub,1Story,5,7,1965,1965,0,TA,CBlock,TA,Y,SBrkr,0,Detchd,2,461,Y,WD,Normal,140000
504,20,RL,100,15602,NA,AllPub,1Story,7,8,1959,1997,0,TA,CBlock,TA,Y,SBrkr,2,Attchd,2,484,Y,WD,Normal,289000
505,160,RL,24,2308,NA,AllPub,2Story,6,5,1974,1974,0,TA,CBlock,TA,Y,SBrkr,1,Attchd,2,440,Y,WD,Normal,147000
506,90,RM,60,7596,Grvl,AllPub,2Story,5,5,1952,1952,360,TA,CBlock,TA,Y,SBrkr,0,Detchd,2,400,N,COD,Normal,124500
507,60,RL,80,9554,NA,AllPub,2Story,8,5,1993,1994,125,Gd,PConc,Gd,Y,SBrkr,1,Attchd,2,471,Y,WD,Normal,215000
508,20,FV,75,7862,NA,AllPub,1Story,6,5,2009,2009,0,Gd,PConc,Gd,Y,SBrkr,0,Attchd,2,676,Y,New,Partial,208300
509,70,RM,60,9600,NA,AllPub,2Story,7,9,1928,2005,0,TA,BrkTil,TA,Y,SBrkr,1,Detchd,2,360,N,WD,Normal,161000
510,20,RL,80,9600,NA,AllPub,1Story,5,6,1959,1959,132,TA,CBlock,TA,Y,SBrkr,0,Attchd,1,270,Y,WD,Normal,124500
511,20,RL,75,14559,NA,AllPub,1Story,5,7,1951,2000,70,Gd,CBlock,TA,Y,SBrkr,2,BuiltIn,1,288,Y,WD,Normal,164900
512,120,RL,40,6792,NA,AllPub,1Story,7,5,2005,2006,94,Gd,PConc,Gd,Y,SBrkr,1,Attchd,2,474,Y,New,Partial,202665
513,20,RL,70,9100,NA,AllPub,1Story,5,5,1958,1958,0,TA,CBlock,TA,Y,SBrkr,0,Detchd,2,624,Y,WD,Normal,129900
514,20,RL,71,9187,NA,AllPub,1Story,6,5,1983,1983,0,TA,PConc,TA,Y,SBrkr,0,Attchd,2,484,Y,WD,Normal,134000
515,45,RL,55,10594,NA,AllPub,1.5Story,5,5,1926,1950,0,TA,BrkTil,TA,N,SBrkr,0,Detchd,1,200,Y,WD,Normal,96500
516,20,RL,94,12220,NA,AllPub,1Story,10,5,2009,2009,305,Ex,CBlock,Ex,Y,SBrkr,1,Attchd,3,900,Y,New,Partial,402861
517,80,RL,NA,10448,NA,AllPub,1Story,6,6,1972,1972,333,TA,CBlock,TA,Y,SBrkr,1,Attchd,2,583,Y,COD,Abnorml,158000
518,60,RL,79,10208,NA,AllPub,2Story,7,5,1996,1997,921,Gd,PConc,Gd,Y,SBrkr,1,Attchd,3,889,Y,WD,Normal,265000
519,60,RL,NA,9531,NA,AllPub,2Story,6,5,1998,1998,0,TA,PConc,Gd,Y,SBrkr,0,Attchd,2,546,Y,WD,Normal,211000
520,70,RL,53,10918,NA,AllPub,2Story,7,9,1926,2004,0,Gd,BrkTil,Gd,Y,SBrkr,2,Detchd,1,282,Y,WD,Normal,234000
521,190,RL,60,10800,Grvl,AllPub,2Story,4,7,1900,2000,0,TA,BrkTil,NA,N,FuseA,0,NA,0,0,N,WD,Normal,106250
522,20,RL,90,11988,NA,AllPub,1Story,6,6,1957,1957,0,TA,CBlock,TA,Y,FuseA,2,Attchd,1,336,Y,WD,Normal,150000
523,50,RM,50,5000,NA,AllPub,1.5Story,6,7,1947,1950,0,TA,CBlock,TA,Y,SBrkr,2,Detchd,2,420,Y,WD,Normal,159000
524,60,RL,130,40094,NA,AllPub,2Story,10,5,2007,2008,762,Ex,PConc,Ex,Y,SBrkr,1,BuiltIn,3,884,Y,New,Partial,184750
525,60,RL,95,11787,NA,AllPub,2Story,7,5,1996,1997,594,Gd,PConc,Gd,Y,SBrkr,1,Attchd,3,834,Y,WD,Normal,315750
526,20,FV,62,7500,Pave,AllPub,1Story,7,5,2005,2005,0,Gd,PConc,Gd,Y,SBrkr,1,Attchd,2,453,Y,WD,Normal,176000
527,20,RL,70,13300,NA,AllPub,1Story,5,7,1956,2000,0,TA,CBlock,Gd,Y,SBrkr,0,Attchd,1,252,Y,WD,Normal,132000
528,60,RL,67,14948,NA,AllPub,2Story,9,5,2008,2008,268,Ex,PConc,Ex,Y,SBrkr,1,Attchd,3,858,Y,New,Partial,446261
529,30,RL,58,9098,NA,AllPub,1Story,4,7,1920,2002,0,TA,BrkTil,TA,Y,SBrkr,0,NA,0,0,N,WD,Normal,86000
530,20,RL,NA,32668,NA,AllPub,1Story,6,3,1957,1975,NA,Gd,PConc,TA,Y,SBrkr,2,Attchd,2,484,Y,WD,Alloca,200624
531,80,RL,85,10200,NA,AllPub,1Story,6,5,1988,1989,219,Gd,CBlock,Gd,Y,SBrkr,1,Attchd,2,600,Y,WD,Abnorml,175000
532,70,RM,60,6155,NA,AllPub,2Story,6,8,1920,1999,0,TA,BrkTil,Fa,Y,SBrkr,0,Detchd,2,502,Y,WD,Normal,128000
533,20,RL,60,7200,NA,AllPub,1Story,5,7,1955,2007,0,TA,Slab,NA,Y,SBrkr,1,Detchd,1,392,Y,WD,Normal,107500
534,20,RL,50,5000,NA,AllPub,1Story,1,3,1946,1950,0,Fa,Slab,NA,N,FuseF,0,NA,0,0,N,WD,Normal,39300
535,60,RL,74,9056,NA,AllPub,2Story,8,5,2004,2004,0,Gd,PConc,Ex,Y,SBrkr,1,Attchd,2,403,Y,WD,Normal,178000
536,190,RL,70,7000,NA,AllPub,2Story,5,7,1910,1991,0,TA,CBlock,Gd,Y,SBrkr,0,NA,0,0,N,WD,Normal,107500
537,60,RL,57,8924,NA,AllPub,2Story,7,5,1998,1999,0,TA,PConc,Gd,Y,SBrkr,0,Attchd,2,527,Y,WD,Normal,188000
538,20,RL,NA,12735,NA,AllPub,1Story,4,5,1972,1972,0,TA,CBlock,TA,Y,SBrkr,0,Detchd,2,576,Y,COD,Normal,111250
539,20,RL,NA,11553,NA,AllPub,1Story,5,5,1968,1968,188,TA,CBlock,TA,Y,SBrkr,1,Attchd,1,336,Y,WD,Normal,158000
540,20,RL,NA,11423,NA,AllPub,1Story,8,5,2001,2002,479,Gd,PConc,Gd,Y,SBrkr,1,Attchd,2,670,Y,WD,Normal,272000
541,20,RL,85,14601,NA,AllPub,1Story,9,5,2006,2006,584,Ex,PConc,Ex,Y,SBrkr,1,Attchd,3,765,Y,WD,Normal,315000
542,60,RL,NA,11000,NA,AllPub,2Story,8,5,2000,2000,72,Gd,PConc,Gd,Y,SBrkr,1,BuiltIn,3,648,Y,WD,Normal,248000
543,20,RL,78,10140,NA,AllPub,1Story,7,5,1998,1999,0,Gd,PConc,Ex,Y,SBrkr,1,Attchd,2,583,Y,WD,Normal,213250
544,120,RH,34,4058,NA,AllPub,2Story,7,5,1998,1998,182,TA,PConc,Gd,Y,SBrkr,0,Attchd,1,367,Y,WD,Normal,133000
545,60,RL,58,17104,NA,AllPub,2Story,7,5,2006,2006,0,Gd,PConc,Gd,Y,SBrkr,1,Attchd,2,426,Y,New,Partial,179665
546,50,RL,NA,13837,NA,AllPub,1.5Story,7,5,1988,1988,178,Gd,PConc,Gd,Y,SBrkr,0,Attchd,3,786,Y,WD,Normal,229000
547,50,RL,70,8737,NA,AllPub,1.5Story,6,7,1923,1950,0,TA,BrkTil,Gd,Y,FuseA,1,Detchd,2,440,Y,WD,Normal,210000
548,85,RL,54,7244,NA,AllPub,2Story,5,7,1970,1970,0,TA,CBlock,Gd,Y,SBrkr,0,Detchd,2,624,Y,WD,Normal,129500
549,20,RM,49,8235,NA,AllPub,1Story,5,7,1955,1995,0,TA,CBlock,TA,Y,SBrkr,0,Detchd,2,720,Y,WD,Normal,125000
550,60,FV,75,9375,NA,AllPub,2Story,7,5,2003,2004,0,Gd,PConc,Gd,Y,SBrkr,1,BuiltIn,2,615,Y,WD,Normal,263000
551,120,RL,53,4043,NA,AllPub,1Story,6,6,1977,1977,0,TA,CBlock,Gd,Y,SBrkr,0,Attchd,2,440,Y,COD,Abnorml,140000
552,20,RM,50,6000,NA,AllPub,1Story,5,6,1957,1957,0,TA,CBlock,TA,Y,FuseA,0,Attchd,1,288,Y,WD,Normal,112500
553,20,RL,87,11146,NA,AllPub,1Story,8,5,2006,2006,250,Gd,PConc,Ex,Y,SBrkr,1,Attchd,3,908,Y,WD,Normal,255500
554,20,RL,67,8777,NA,AllPub,1Story,4,5,1949,2003,0,TA,CBlock,NA,Y,SBrkr,0,Detchd,2,520,N,WD,Normal,108000
555,60,RL,85,10625,NA,AllPub,2Story,7,5,2003,2004,292,Gd,PConc,Gd,Y,SBrkr,1,BuiltIn,3,871,Y,WD,Normal,284000
556,45,RM,58,6380,NA,AllPub,1.5Story,5,6,1922,1950,0,TA,BrkTil,TA,Y,FuseA,1,Detchd,1,280,Y,WD,Normal,113000
557,20,RL,69,14850,NA,AllPub,1Story,5,5,1957,1957,0,TA,CBlock,TA,Y,FuseA,1,Attchd,1,299,Y,WD,Normal,141000
558,50,C (all),60,11040,NA,AllPub,1.5Story,4,6,1920,1950,0,TA,CBlock,TA,Y,SBrkr,0,BuiltIn,1,570,Y,COD,Normal,108000
559,60,RL,57,21872,NA,AllPub,2Story,7,5,1996,1997,0,TA,PConc,Gd,Y,SBrkr,1,Attchd,2,406,Y,WD,Normal,175000
560,120,RL,NA,3196,NA,AllPub,1Story,7,5,2003,2004,18,Gd,PConc,Gd,Y,SBrkr,1,Attchd,2,420,Y,WD,Normal,234000
561,20,RL,NA,11341,NA,AllPub,1Story,5,6,1957,1996,180,TA,CBlock,Gd,Y,SBrkr,1,Detchd,2,528,Y,WD,Normal,121500
562,20,RL,77,10010,NA,AllPub,1Story,5,5,1974,1975,0,TA,CBlock,Gd,Y,SBrkr,1,Attchd,2,418,Y,WD,Normal,170000
563,30,RL,63,13907,NA,AllPub,1Story,5,6,1940,1969,0,TA,CBlock,TA,Y,SBrkr,1,NA,0,0,Y,WD,Normal,108000
564,50,RL,66,21780,NA,AllPub,1.5Story,6,7,1918,1950,0,TA,BrkTil,Gd,Y,SBrkr,1,Detchd,2,396,N,WD,Normal,185000
565,60,RL,NA,13346,NA,AllPub,2Story,7,5,1992,2000,0,Gd,PConc,Gd,Y,SBrkr,1,Attchd,2,590,Y,WD,Normal,268000
566,70,RL,66,6858,NA,AllPub,2Story,6,4,1915,1950,0,TA,PConc,Gd,N,FuseF,0,Detchd,1,216,Y,WD,Normal,128000
567,60,RL,77,11198,NA,AllPub,2Story,9,5,2005,2007,245,Gd,PConc,Gd,Y,SBrkr,1,BuiltIn,3,656,Y,WD,Normal,325000
568,20,RL,70,10171,NA,AllPub,1Story,7,5,2004,2004,168,Gd,PConc,Gd,Y,SBrkr,0,Attchd,2,532,Y,WD,Normal,214000
569,50,RL,79,12327,NA,AllPub,1.5Story,8,8,1983,2009,0,Gd,CBlock,Gd,Y,SBrkr,1,BuiltIn,2,612,Y,WD,Normal,316600
570,90,RL,NA,7032,NA,AllPub,2Story,5,5,1979,1979,0,TA,CBlock,Gd,Y,SBrkr,2,Detchd,2,600,Y,WD,Normal,135960
571,90,RL,74,13101,NA,AllPub,1Story,5,5,1965,1965,108,TA,CBlock,TA,Y,SBrkr,0,Detchd,2,576,Y,WD,Normal,142600
572,20,RL,60,7332,NA,AllPub,1Story,6,6,1959,1959,207,TA,CBlock,TA,Y,SBrkr,0,Attchd,1,288,Y,WD,Abnorml,120000
573,60,RL,83,13159,NA,AllPub,2Story,7,5,2009,2009,0,TA,PConc,Ex,Y,SBrkr,0,Attchd,2,650,Y,New,Partial,224500
574,80,RL,76,9967,NA,AllPub,1Story,7,5,2000,2000,0,TA,PConc,Gd,Y,SBrkr,1,BuiltIn,2,400,Y,WD,Normal,170000
575,80,RL,70,10500,NA,AllPub,1Story,5,7,1971,2005,82,TA,CBlock,TA,Y,SBrkr,0,BuiltIn,1,288,Y,WD,Normal,139000
576,50,RL,80,8480,NA,AllPub,1.5Story,5,5,1947,1950,0,TA,CBlock,TA,Y,SBrkr,0,Detchd,1,336,Y,COD,Abnorml,118500
577,50,RL,52,6292,NA,AllPub,1.5Story,7,7,1928,1950,0,TA,BrkTil,TA,Y,SBrkr,1,Detchd,1,216,Y,WD,Normal,145000
578,80,RL,96,11777,NA,AllPub,1Story,5,6,1966,1966,97,TA,CBlock,TA,Y,SBrkr,2,Attchd,2,564,Y,WD,Abnorml,164500
579,160,FV,34,3604,Pave,AllPub,2Story,7,5,2007,2007,0,Gd,PConc,Gd,Y,SBrkr,0,Detchd,2,540,Y,WD,Abnorml,146000
580,50,RM,81,12150,Grvl,AllPub,1.5Story,5,5,1954,1954,335,TA,BrkTil,TA,N,FuseF,0,Attchd,1,352,Y,WD,Normal,131500
581,20,RL,NA,14585,NA,AllPub,1Story,6,6,1960,1987,85,TA,CBlock,TA,Y,SBrkr,2,Attchd,2,572,Y,WD,Normal,181900
582,20,RL,98,12704,NA,AllPub,1Story,8,5,2008,2009,306,Ex,PConc,Ex,Y,SBrkr,1,Attchd,3,1390,Y,New,Partial,253293
583,90,RL,81,11841,NA,AllPub,2Story,6,5,1990,1990,104,TA,CBlock,Gd,Y,SBrkr,0,NA,0,0,Y,WD,Normal,118500
584,75,RM,75,13500,NA,AllPub,2.5Story,10,9,1893,2000,0,Ex,BrkTil,TA,Y,SBrkr,1,Detchd,2,880,Y,WD,Normal,325000
585,50,RM,51,6120,NA,AllPub,1.5Story,4,7,1935,1995,0,TA,BrkTil,TA,Y,SBrkr,0,Detchd,1,240,Y,WD,Normal,133000
586,20,RL,88,11443,NA,AllPub,1Story,8,5,2005,2006,208,Gd,PConc,Ex,Y,SBrkr,2,Attchd,3,880,Y,New,Partial,369900
587,30,RL,55,10267,NA,AllPub,1Story,6,7,1918,2000,0,TA,BrkTil,TA,Y,SBrkr,0,Detchd,1,275,N,WD,Normal,130000
588,85,RL,74,8740,NA,AllPub,2Story,5,6,1982,1982,0,TA,CBlock,TA,Y,SBrkr,0,Detchd,2,528,Y,WD,Normal,137000
589,20,RL,65,25095,NA,AllPub,1Story,5,8,1968,2003,0,TA,CBlock,TA,Y,SBrkr,2,Attchd,1,452,Y,WD,Partial,143000
590,40,RM,50,9100,NA,AllPub,1Story,5,6,1930,1960,0,TA,BrkTil,TA,Y,FuseA,0,Detchd,1,308,P,WD,Normal,79500
591,60,RL,64,8320,NA,AllPub,2Story,7,5,2004,2004,0,Gd,PConc,Gd,Y,SBrkr,0,Attchd,2,520,Y,WD,Normal,185900
592,60,RL,97,13478,NA,AllPub,2Story,10,5,2008,2008,420,Ex,PConc,Ex,Y,SBrkr,1,BuiltIn,3,842,Y,ConLI,Normal,451950
593,20,RL,60,6600,NA,AllPub,1Story,5,8,1982,2003,0,TA,PConc,TA,Y,SBrkr,0,Detchd,2,816,Y,WD,Normal,138000
594,120,RM,NA,4435,NA,AllPub,1Story,6,5,2003,2003,170,Gd,PConc,Gd,Y,SBrkr,0,Attchd,2,420,Y,WD,Normal,140000
595,20,RL,88,7990,NA,AllPub,1Story,5,6,1975,1975,0,TA,CBlock,Gd,Y,SBrkr,0,Detchd,1,280,Y,WD,Normal,110000
596,20,RL,69,11302,NA,AllPub,1Story,8,5,2005,2006,238,Gd,PConc,Gd,Y,SBrkr,1,Attchd,3,758,Y,New,Partial,319000
597,70,RM,60,3600,Grvl,AllPub,2Story,6,7,1910,1993,0,TA,CBlock,TA,N,FuseA,0,Detchd,1,216,N,WD,Normal,114504
598,120,RL,53,3922,NA,AllPub,1Story,7,5,2006,2007,72,Gd,PConc,Ex,Y,SBrkr,1,Attchd,3,648,Y,New,Partial,194201
599,20,RL,80,12984,NA,AllPub,1Story,5,6,1977,1977,459,TA,CBlock,Gd,Y,SBrkr,1,Attchd,2,621,Y,WD,Normal,217500
600,160,RM,24,1950,NA,AllPub,2Story,6,6,1980,1980,0,TA,CBlock,Gd,Y,SBrkr,1,Attchd,2,452,Y,COD,Normal,151000
601,60,RL,74,10927,NA,AllPub,2Story,8,5,2005,2005,280,Gd,PConc,Gd,Y,SBrkr,1,BuiltIn,2,736,Y,WD,Normal,275000
602,50,RM,50,9000,NA,AllPub,1.5Story,6,6,1937,1950,0,TA,PConc,TA,Y,SBrkr,1,Detchd,1,544,P,WD,Normal,141000
603,60,RL,80,10041,NA,AllPub,2Story,8,5,1992,1992,0,Gd,PConc,Gd,Y,SBrkr,1,Attchd,2,506,Y,WD,Abnorml,220000
604,160,FV,30,3182,Pave,AllPub,2Story,7,5,2004,2005,0,Gd,PConc,Gd,Y,SBrkr,0,Detchd,2,480,Y,WD,Normal,151000
605,20,RL,88,12803,NA,AllPub,1Story,7,5,2002,2002,99,Gd,PConc,Gd,Y,SBrkr,1,Attchd,2,530,Y,WD,Normal,221000
606,60,RL,85,13600,NA,AllPub,2Story,7,6,1965,1990,176,TA,CBlock,TA,Y,SBrkr,3,Attchd,2,486,Y,WD,Normal,205000
607,20,RL,82,12464,NA,AllPub,1Story,5,5,1996,1996,0,TA,PConc,Gd,Y,SBrkr,0,Detchd,2,576,Y,WD,Normal,152000
608,20,RL,78,7800,NA,AllPub,2Story,5,8,1948,2002,0,TA,CBlock,TA,Y,SBrkr,0,Attchd,1,230,Y,WD,Normal,225000
609,70,RL,78,12168,NA,AllPub,2Story,8,6,1934,1998,0,TA,PConc,Gd,Y,SBrkr,2,Attchd,2,380,Y,WD,Alloca,359100
610,20,RL,61,7943,NA,AllPub,1Story,4,5,1961,1961,192,TA,CBlock,TA,Y,SBrkr,0,Attchd,1,261,Y,WD,Normal,118500
611,60,RL,NA,11050,NA,AllPub,2Story,9,5,2000,2000,204,Gd,PConc,Ex,Y,SBrkr,2,Attchd,3,736,Y,WD,Normal,313000
612,80,RL,NA,10395,NA,AllPub,1Story,6,6,1978,1978,233,TA,CBlock,Gd,Y,SBrkr,1,Attchd,2,564,Y,WD,Normal,148000
613,60,RL,NA,11885,NA,AllPub,2Story,8,5,2001,2001,108,Gd,PConc,Gd,Y,SBrkr,1,BuiltIn,2,531,Y,WD,Normal,261500
614,20,RL,70,8402,NA,AllPub,1Story,5,5,2007,2007,0,TA,PConc,Gd,Y,SBrkr,0,NA,0,0,Y,New,Partial,147000
615,180,RM,21,1491,NA,AllPub,2Story,4,6,1972,1972,0,TA,CBlock,Gd,Y,SBrkr,0,NA,0,0,Y,WD,Normal,75500
616,85,RL,80,8800,NA,AllPub,2Story,6,7,1963,1963,156,TA,PConc,TA,Y,SBrkr,0,Attchd,2,480,Y,WD,Abnorml,137500
617,60,RL,NA,7861,NA,AllPub,2Story,6,5,2002,2003,0,Gd,PConc,Gd,Y,SBrkr,1,Attchd,2,393,Y,WD,Normal,183200
618,45,RL,59,7227,NA,AllPub,1.5Story,6,6,1954,1954,0,TA,CBlock,TA,Y,SBrkr,0,Detchd,2,528,Y,WD,Normal,105500
619,20,RL,90,11694,NA,AllPub,1Story,9,5,2007,2007,452,Ex,PConc,Ex,Y,SBrkr,1,Attchd,3,774,Y,New,Partial,314813
620,60,RL,85,12244,NA,AllPub,2Story,8,5,2003,2003,226,Gd,PConc,Gd,Y,SBrkr,2,Attchd,3,749,Y,WD,Normal,305000
621,30,RL,45,8248,Grvl,AllPub,1Story,3,3,1914,1950,0,TA,BrkTil,TA,N,FuseF,0,NA,0,0,N,WD,Normal,67000
622,60,RL,90,10800,NA,AllPub,2Story,6,7,1974,1997,0,TA,CBlock,TA,Y,SBrkr,1,Attchd,2,624,Y,WD,Normal,240000
623,20,RL,71,7064,NA,AllPub,1Story,5,6,1977,1977,153,TA,CBlock,TA,Y,SBrkr,0,Detchd,2,484,Y,WD,Normal,135000
624,160,FV,NA,2117,NA,AllPub,2Story,6,5,2000,2000,513,Gd,PConc,Gd,Y,SBrkr,1,Detchd,2,440,Y,WD,Normal,168500
625,60,RL,80,10400,NA,AllPub,2Story,6,5,1972,1972,288,TA,CBlock,TA,Y,SBrkr,1,Attchd,2,484,Y,WD,Normal,165150
626,20,RL,87,10000,NA,AllPub,1Story,6,6,1962,1962,261,TA,CBlock,TA,Y,SBrkr,0,Attchd,2,440,Y,WD,Normal,160000
627,20,RL,NA,12342,NA,AllPub,1Story,5,5,1960,1978,0,TA,CBlock,TA,Y,SBrkr,1,Attchd,1,286,Y,WD,Normal,139900
628,80,RL,80,9600,NA,AllPub,1Story,6,6,1955,1972,164,TA,CBlock,TA,Y,SBrkr,2,Attchd,1,364,Y,WD,Normal,153000
629,60,RL,70,11606,NA,AllPub,2Story,5,5,1969,1969,192,TA,PConc,Gd,Y,SBrkr,2,Attchd,2,504,Y,WD,Family,135000
630,80,RL,82,9020,NA,AllPub,1Story,6,5,1964,1964,259,TA,CBlock,TA,Y,SBrkr,0,Attchd,2,520,Y,WD,Normal,168500
631,70,RM,50,9000,Grvl,AllPub,2Story,5,6,1880,1991,0,TA,BrkTil,Fa,Y,FuseA,0,Detchd,1,240,N,WD,Abnorml,124000
632,120,RL,34,4590,NA,AllPub,1Story,8,5,2006,2006,108,Gd,PConc,Gd,Y,SBrkr,1,Attchd,2,627,Y,WD,Normal,209500
633,20,RL,85,11900,NA,AllPub,1Story,7,5,1977,1977,209,TA,CBlock,TA,Y,SBrkr,1,Attchd,2,544,Y,WD,Family,82500
634,20,RL,80,9250,NA,AllPub,1Story,5,7,1954,2005,0,TA,CBlock,TA,Y,SBrkr,0,Attchd,1,260,Y,WD,Normal,139400
635,90,RL,64,6979,NA,AllPub,2Story,6,5,1980,1980,0,TA,CBlock,TA,Y,SBrkr,0,Detchd,2,576,Y,WD,Normal,144000
636,190,RH,60,10896,Pave,AllPub,2.5Story,6,7,1914,1995,0,Fa,CBlock,TA,Y,FuseA,0,NA,0,0,N,WD,Abnorml,200000
637,30,RM,51,6120,NA,AllPub,1Story,2,3,1936,1950,0,Fa,BrkTil,TA,N,FuseA,1,NA,0,0,N,ConLw,Normal,60000
638,190,RM,50,6000,NA,AllPub,1.5Story,5,4,1954,1954,0,TA,CBlock,TA,Y,FuseA,0,BuiltIn,1,256,Y,WD,Normal,93000
639,30,RL,67,8777,NA,AllPub,1Story,5,7,1910,1950,0,TA,CBlock,Fa,Y,FuseA,0,NA,0,0,P,WD,Normal,85000
640,120,RL,53,3982,NA,AllPub,1Story,8,5,2006,2006,0,Gd,PConc,Gd,Y,SBrkr,1,Attchd,3,648,Y,New,Partial,264561
641,120,RL,62,12677,NA,AllPub,1Story,8,5,2003,2004,472,Ex,PConc,Ex,Y,SBrkr,1,Attchd,2,588,Y,WD,Normal,274000
642,60,FV,NA,7050,NA,AllPub,2Story,7,5,2001,2001,0,Gd,PConc,Gd,Y,SBrkr,1,Attchd,2,650,Y,WD,Normal,226000
643,80,RL,75,13860,NA,AllPub,1Story,8,7,1972,1995,0,Gd,CBlock,Gd,Y,SBrkr,3,Attchd,2,538,Y,WD,Normal,345000
644,60,RL,80,10793,NA,AllPub,2Story,5,5,1969,1969,263,TA,CBlock,TA,Y,SBrkr,0,Attchd,2,462,Y,WD,Normal,152000
645,20,FV,85,9187,NA,AllPub,1Story,9,5,2009,2009,162,Ex,PConc,Ex,Y,SBrkr,1,Attchd,3,478,Y,New,Partial,370878
646,20,RL,NA,10530,NA,AllPub,1Story,6,5,1971,1971,0,TA,CBlock,TA,Y,SBrkr,0,Detchd,2,576,Y,WD,Normal,143250
647,20,RL,60,7200,NA,AllPub,1Story,5,5,1950,1950,0,TA,CBlock,NA,Y,SBrkr,0,Detchd,2,420,Y,WD,Normal,98300
648,20,RL,85,10452,NA,AllPub,1Story,6,5,1953,1953,216,TA,CBlock,TA,Y,SBrkr,2,Attchd,2,495,Y,WD,Normal,155000
649,60,RL,70,7700,NA,AllPub,2Story,6,5,1966,1966,351,TA,CBlock,TA,Y,SBrkr,1,Attchd,2,442,Y,WD,Normal,155000
650,180,RM,21,1936,NA,AllPub,2Story,4,6,1970,1970,0,TA,CBlock,Gd,Y,SBrkr,0,NA,0,0,Y,WD,Normal,84500
651,60,FV,65,8125,NA,AllPub,2Story,7,6,2007,2007,NA,Gd,PConc,Gd,Y,SBrkr,0,Attchd,2,562,Y,WD,Normal,205950
652,70,RL,60,9084,NA,AllPub,2Story,4,5,1940,1950,0,TA,CBlock,TA,Y,SBrkr,1,Detchd,1,296,P,WD,Normal,108000
653,60,RL,70,8750,NA,AllPub,2Story,7,5,1996,1996,0,Gd,PConc,Gd,Y,SBrkr,1,Attchd,2,512,Y,WD,Normal,191000
654,50,RM,60,10320,Grvl,AllPub,1.5Story,6,7,1906,1995,0,TA,CBlock,TA,Y,SBrkr,0,Detchd,1,216,Y,WD,Normal,135000
655,20,RL,91,10437,NA,AllPub,1Story,8,6,1995,1995,660,Gd,PConc,Gd,Y,SBrkr,1,Attchd,3,839,Y,WD,Normal,350000
656,160,RM,21,1680,NA,AllPub,2Story,6,5,1971,1971,381,TA,CBlock,TA,Y,SBrkr,0,Detchd,1,264,Y,WD,Family,88000
657,20,RL,72,10007,NA,AllPub,1Story,5,7,1959,2006,54,Gd,CBlock,TA,Y,SBrkr,0,Attchd,1,312,Y,WD,Normal,145500
658,70,RL,60,7200,NA,AllPub,2Story,7,6,1931,2000,0,TA,BrkTil,Gd,Y,SBrkr,1,Attchd,1,270,P,WD,Normal,149000
659,50,RL,78,17503,NA,AllPub,1.5Story,6,5,1948,1950,0,TA,CBlock,TA,Y,SBrkr,1,Attchd,1,330,Y,WD,Abnorml,97500
660,20,RL,75,9937,NA,AllPub,1Story,5,7,1964,1999,0,TA,PConc,TA,Y,SBrkr,0,Detchd,2,480,Y,WD,Normal,167000
661,60,RL,NA,12384,NA,AllPub,2Story,7,7,1976,1976,233,TA,CBlock,Gd,Y,SBrkr,1,Attchd,2,550,Y,WD,Normal,197900
662,60,RL,52,46589,NA,AllPub,2Story,8,7,1994,2005,528,Gd,PConc,Gd,Y,SBrkr,1,Attchd,3,711,Y,WD,Normal,402000
663,20,RL,120,13560,NA,AllPub,1Story,6,3,1968,1968,216,TA,CBlock,Fa,Y,SBrkr,2,Attchd,2,576,Y,WD,Normal,110000
664,85,RL,90,10012,NA,AllPub,2Story,4,5,1972,1972,0,TA,CBlock,Gd,Y,SBrkr,0,Detchd,2,588,Y,WD,Normal,137500
665,20,RL,49,20896,NA,AllPub,1Story,8,5,2005,2006,0,Gd,PConc,Ex,Y,SBrkr,1,Attchd,3,1134,Y,New,Partial,423000
666,60,RL,106,11194,NA,AllPub,2Story,8,5,2000,2000,40,Gd,PConc,Gd,Y,SBrkr,1,Attchd,2,504,Y,WD,Normal,230500
667,60,RL,NA,18450,NA,AllPub,2Story,6,5,1965,1979,113,TA,CBlock,Gd,Y,SBrkr,1,BuiltIn,2,596,Y,WD,Abnorml,129000
668,20,RL,65,8125,NA,AllPub,1Story,6,5,1994,1998,258,TA,PConc,Gd,Y,SBrkr,1,Attchd,2,575,Y,WD,Normal,193500
669,20,RL,NA,14175,NA,AllPub,1Story,5,6,1956,1987,0,TA,CBlock,TA,Y,SBrkr,1,Detchd,2,576,Y,WD,Normal,168000
670,30,RL,80,11600,NA,AllPub,1Story,4,5,1922,1950,0,TA,BrkTil,Fa,Y,SBrkr,1,Detchd,1,252,Y,WD,Normal,137500
671,60,RL,64,8633,NA,AllPub,2Story,6,5,2005,2005,0,Gd,PConc,Gd,Y,SBrkr,0,Attchd,2,540,Y,WD,Normal,173500
672,70,RH,54,6629,NA,AllPub,2Story,6,6,1925,1950,0,TA,BrkTil,TA,N,SBrkr,0,Detchd,1,300,Y,WD,Normal,103600
673,20,RL,NA,11250,NA,AllPub,1Story,6,6,1977,1977,0,Gd,CBlock,Gd,Y,SBrkr,1,Attchd,2,546,Y,WD,Normal,165000
674,20,RL,110,14442,NA,AllPub,1Story,6,7,1957,2004,106,TA,PConc,TA,Y,SBrkr,2,Attchd,2,416,Y,WD,Normal,257500
675,20,RL,80,9200,NA,AllPub,1Story,6,6,1965,1965,0,TA,CBlock,TA,Y,SBrkr,1,Attchd,1,384,Y,WD,Normal,140000
676,160,RL,24,2289,NA,AllPub,2Story,6,6,1978,1978,0,TA,CBlock,TA,Y,SBrkr,1,Attchd,2,440,Y,WD,Normal,148500
677,70,RM,60,9600,Grvl,AllPub,2Story,4,2,1900,1950,0,TA,BrkTil,TA,N,SBrkr,0,Detchd,3,779,N,WD,Normal,87000
678,30,RL,52,9022,NA,AllPub,1Story,5,8,1924,2006,0,Gd,BrkTil,TA,Y,SBrkr,0,Detchd,1,240,N,WD,Normal,109500
679,20,RL,80,11844,NA,AllPub,1Story,8,5,2008,2008,464,Gd,PConc,Ex,Y,SBrkr,1,Attchd,3,834,Y,New,Partial,372500
680,20,RL,NA,9945,NA,AllPub,1Story,5,5,1961,1961,57,TA,CBlock,TA,Y,SBrkr,0,Detchd,2,572,Y,WD,Normal,128500
681,120,RL,50,8012,NA,AllPub,1Story,6,5,1980,1980,0,TA,CBlock,Gd,Y,SBrkr,1,Attchd,1,264,Y,WD,Normal,143000
682,50,RH,55,4500,Pave,AllPub,1.5Story,5,5,1932,2000,0,TA,BrkTil,TA,Y,SBrkr,0,Detchd,1,281,Y,WD,Abnorml,159434
683,120,RL,NA,2887,NA,AllPub,1Story,6,5,1996,1997,0,TA,PConc,Gd,Y,SBrkr,1,Attchd,2,431,Y,WD,Normal,173000
684,20,RL,90,11248,NA,AllPub,1Story,9,5,2002,2002,215,Gd,PConc,Gd,Y,SBrkr,1,Attchd,3,702,Y,WD,Normal,285000
685,60,RL,58,16770,NA,AllPub,2Story,7,5,1998,1998,30,Gd,PConc,Gd,Y,SBrkr,0,Attchd,2,486,Y,WD,Normal,221000
686,160,RL,NA,5062,NA,AllPub,2Story,7,5,1984,1984,0,Gd,CBlock,Gd,Y,SBrkr,1,Attchd,2,577,Y,WD,Normal,207500
687,60,FV,84,10207,NA,AllPub,2Story,7,6,2007,2007,0,Gd,PConc,Gd,Y,SBrkr,0,Attchd,2,578,Y,New,Partial,227875
688,160,FV,NA,5105,NA,AllPub,2Story,7,5,2004,2004,0,Gd,PConc,Gd,Y,SBrkr,0,Detchd,2,480,Y,WD,Normal,148800
689,20,RL,60,8089,NA,AllPub,1Story,8,6,2007,2007,0,Gd,PConc,Gd,Y,SBrkr,1,Attchd,2,567,Y,New,Partial,392000
690,120,RL,61,7577,NA,AllPub,1Story,6,5,2005,2006,256,Gd,PConc,Gd,Y,SBrkr,1,Attchd,2,460,Y,WD,Normal,194700
691,120,RM,NA,4426,NA,AllPub,1Story,6,5,2004,2004,147,Gd,PConc,Gd,Y,SBrkr,1,Attchd,2,420,Y,WD,Normal,141000
692,60,RL,104,21535,NA,AllPub,2Story,10,6,1994,1995,1170,Ex,PConc,Ex,Y,SBrkr,2,Attchd,3,832,Y,WD,Normal,755000
693,60,RL,42,26178,NA,AllPub,2Story,7,5,1989,1990,293,Gd,PConc,Gd,Y,SBrkr,2,Attchd,2,628,Y,WD,Normal,335000
694,30,RL,60,5400,NA,AllPub,1Story,5,6,1921,1968,0,TA,BrkTil,TA,Y,SBrkr,0,Detchd,1,326,Y,WD,Abnorml,108480
695,50,RM,51,6120,NA,AllPub,1.5Story,5,6,1936,1950,0,TA,BrkTil,TA,Y,SBrkr,0,Detchd,2,576,Y,WD,Normal,141500
696,20,RL,54,13811,NA,AllPub,1Story,6,6,1987,1987,72,TA,CBlock,Gd,Y,SBrkr,1,Attchd,2,551,Y,WD,Normal,176000
697,30,RM,50,6000,NA,AllPub,1Story,5,7,1921,1950,0,TA,CBlock,TA,Y,SBrkr,0,Detchd,1,205,Y,WD,Normal,89000
698,20,RL,57,6420,NA,AllPub,1Story,5,7,1952,1952,0,TA,PConc,Ex,Y,FuseA,0,Detchd,1,308,Y,WD,Normal,123500
699,20,RL,65,8450,NA,AllPub,1Story,5,8,1965,2009,0,TA,CBlock,TA,Y,SBrkr,1,Detchd,1,336,Y,WD,Normal,138500
700,120,FV,59,4282,Pave,AllPub,1Story,7,5,2004,2004,0,Gd,PConc,Gd,Y,SBrkr,0,Attchd,2,530,Y,WD,Normal,196000
701,20,RL,85,14331,NA,AllPub,1Story,8,5,2002,2002,630,Gd,PConc,Ex,Y,SBrkr,1,Attchd,3,765,Y,WD,Normal,312500
702,20,RL,80,9600,NA,AllPub,1Story,7,5,1969,1969,168,TA,CBlock,TA,Y,SBrkr,0,Attchd,2,528,Y,COD,Normal,140000
703,60,RL,82,12438,NA,AllPub,2Story,8,5,2006,2006,466,Ex,PConc,Ex,Y,SBrkr,1,BuiltIn,3,666,Y,New,Partial,361919
704,190,RM,76,7630,NA,AllPub,2Story,5,9,1900,1996,0,TA,BrkTil,Gd,Y,SBrkr,1,Detchd,2,672,N,WD,Normal,140000
705,20,RL,70,8400,NA,AllPub,1Story,7,5,2004,2005,109,Gd,PConc,Gd,Y,SBrkr,0,Attchd,2,606,Y,WD,Normal,213000
706,190,RM,70,5600,NA,AllPub,2Story,4,5,1930,1950,0,Fa,Slab,NA,N,SBrkr,0,NA,0,0,N,WD,Normal,55000
707,20,RL,NA,115149,NA,AllPub,1Story,7,5,1971,2002,351,TA,CBlock,Gd,Y,SBrkr,2,Attchd,2,739,Y,WD,Normal,302000
708,120,RL,48,6240,NA,AllPub,1Story,8,5,2006,2006,176,Gd,PConc,Gd,Y,SBrkr,1,Attchd,2,550,Y,WD,Normal,254000
709,60,RL,65,9018,NA,AllPub,2Story,7,5,2007,2007,0,Gd,PConc,Gd,Y,SBrkr,1,Attchd,2,400,Y,New,Partial,179540
710,20,RL,NA,7162,NA,AllPub,1Story,5,7,1966,1966,41,TA,PConc,TA,Y,SBrkr,0,Attchd,1,408,Y,WD,Abnorml,109900
711,30,RL,56,4130,NA,AllPub,1Story,3,6,1935,2003,0,Gd,CBlock,TA,Y,SBrkr,0,NA,0,0,N,WD,Normal,52000
712,50,C (all),66,8712,Pave,AllPub,1.5Story,4,7,1900,1950,0,TA,Stone,TA,Y,SBrkr,0,Detchd,1,384,N,WD,Abnorml,102776
713,120,RL,40,4671,NA,AllPub,1Story,8,5,1988,1989,0,Gd,PConc,Gd,Y,SBrkr,1,Attchd,2,472,Y,WD,Normal,189000
714,190,RL,60,9873,NA,AllPub,1Story,4,5,1970,1970,160,TA,CBlock,TA,N,SBrkr,0,Detchd,2,576,Y,WD,Normal,129000
715,60,RL,NA,13517,NA,AllPub,2Story,6,8,1976,2005,289,Gd,CBlock,TA,Y,SBrkr,0,Attchd,2,475,Y,WD,Normal,130500
716,20,RL,78,10140,NA,AllPub,1Story,6,5,1974,1974,174,TA,CBlock,Gd,Y,SBrkr,1,Attchd,2,478,Y,WD,Normal,165000
717,70,RM,60,10800,Grvl,AllPub,2Story,7,8,1890,1998,0,TA,BrkTil,TA,Y,SBrkr,0,Detchd,2,704,P,WD,Normal,159500
718,20,RL,80,10000,NA,AllPub,1Story,5,6,1973,2000,0,TA,CBlock,Gd,Y,SBrkr,1,Attchd,2,439,Y,WD,Normal,157000
719,60,RL,96,10542,NA,AllPub,2Story,7,5,1993,1994,651,Gd,PConc,Gd,Y,SBrkr,1,Attchd,3,983,Y,WD,Normal,341000
720,20,RL,69,9920,NA,AllPub,1Story,5,6,1969,1969,0,TA,CBlock,Gd,Y,SBrkr,1,Attchd,1,300,Y,WD,Normal,128500
721,120,RL,NA,6563,NA,AllPub,1Story,8,5,1985,1985,0,Gd,PConc,Gd,Y,SBrkr,1,Attchd,2,564,Y,WD,Normal,275000
722,120,RM,NA,4426,NA,AllPub,1Story,6,5,2004,2004,169,Gd,PConc,Gd,Y,SBrkr,0,Attchd,2,420,Y,WD,Normal,143000
723,20,RL,70,8120,NA,AllPub,1Story,4,7,1970,1970,0,TA,CBlock,TA,Y,SBrkr,0,Detchd,2,463,Y,WD,Normal,124500
724,50,RL,60,8172,NA,AllPub,1.5Story,4,6,1954,1972,0,TA,PConc,TA,Y,SBrkr,0,Detchd,1,548,Y,WD,Normal,135000
725,20,RL,86,13286,NA,AllPub,1Story,9,5,2007,2008,340,Ex,PConc,Ex,Y,SBrkr,1,Attchd,3,768,Y,WD,Normal,320000
726,20,RL,60,6960,NA,AllPub,1Story,4,6,1970,1970,0,TA,CBlock,TA,Y,SBrkr,0,Detchd,2,660,Y,WD,Normal,120500
727,20,RL,NA,21695,NA,AllPub,1Story,6,9,1988,2007,260,Gd,CBlock,Gd,Y,SBrkr,1,Attchd,2,540,Y,WD,Normal,222000
728,20,RL,64,7314,NA,AllPub,1Story,7,5,2007,2007,82,Gd,PConc,Gd,Y,SBrkr,0,Attchd,2,632,Y,WD,Normal,194500
729,90,RL,85,11475,NA,AllPub,1Story,5,5,1958,1958,95,TA,CBlock,TA,Y,SBrkr,0,Detchd,3,888,Y,COD,Abnorml,110000
730,30,RM,52,6240,Grvl,AllPub,1.5Story,4,5,1925,1950,0,TA,CBlock,TA,Y,FuseA,0,Detchd,2,539,Y,WD,Normal,103000
731,120,RL,39,5389,NA,AllPub,1Story,8,5,1995,1996,0,Gd,PConc,Gd,Y,SBrkr,1,Attchd,2,608,Y,WD,Normal,236500
732,80,RL,73,9590,NA,AllPub,1Story,7,5,2003,2003,442,Gd,PConc,Ex,Y,SBrkr,1,Attchd,2,438,Y,WD,Normal,187500
733,60,RL,75,11404,NA,AllPub,2Story,7,5,1998,1999,202,Gd,PConc,Gd,Y,SBrkr,1,Attchd,2,541,Y,WD,Normal,222500
734,20,RL,80,10000,NA,AllPub,1Story,5,6,1961,1983,0,TA,CBlock,TA,Y,SBrkr,1,Attchd,1,264,Y,WD,Normal,131400
735,20,RL,NA,8978,NA,AllPub,1Story,5,5,1968,1968,0,TA,PConc,TA,Y,SBrkr,0,Attchd,1,300,Y,WD,Family,108000
736,75,RM,60,10800,NA,AllPub,2.5Story,7,7,1914,1970,0,TA,BrkTil,Gd,N,SBrkr,2,Detchd,2,320,N,WD,Normal,163000
737,90,RL,60,8544,NA,AllPub,1Story,3,4,1950,1950,0,TA,CBlock,NA,N,FuseF,0,Detchd,2,400,Y,WD,Normal,93500
738,60,RL,72,10463,NA,AllPub,2Story,8,5,2005,2005,0,Gd,PConc,Gd,Y,SBrkr,1,Attchd,3,800,Y,WD,Normal,239900
739,90,RL,60,10800,NA,AllPub,1Story,5,5,1987,1988,0,TA,CBlock,Gd,Y,SBrkr,0,NA,0,0,Y,WD,Alloca,179000
740,60,RL,65,9313,NA,AllPub,2Story,7,5,2004,2004,0,Gd,PConc,Gd,Y,SBrkr,0,Attchd,2,572,Y,WD,Normal,190000
741,70,RM,60,9600,Grvl,AllPub,2Story,5,7,1910,2002,0,TA,BrkTil,Fa,Y,SBrkr,0,Detchd,2,360,Y,WD,Abnorml,132000
742,20,RL,65,6768,NA,AllPub,1Story,6,8,1961,1996,0,TA,CBlock,TA,Y,SBrkr,0,Detchd,1,288,Y,WD,Normal,142000
743,20,RL,65,8450,NA,AllPub,1Story,7,5,2000,2001,108,TA,PConc,Gd,Y,SBrkr,0,Attchd,2,539,Y,WD,Normal,179000
744,80,RL,70,12886,NA,AllPub,1Story,5,6,1963,1999,0,TA,CBlock,Gd,Y,SBrkr,1,Attchd,2,480,Y,WD,Normal,175000
745,120,RL,41,5395,NA,AllPub,1Story,8,5,1993,1993,0,Gd,PConc,Gd,Y,SBrkr,1,Attchd,2,462,Y,WD,Normal,180000
746,60,RL,NA,8963,NA,AllPub,2Story,8,9,1976,1996,289,Ex,CBlock,TA,Y,SBrkr,2,BuiltIn,2,831,Y,WD,Normal,299800
747,60,RL,NA,8795,NA,AllPub,2Story,7,5,2000,2000,0,Gd,PConc,Gd,Y,SBrkr,1,BuiltIn,2,554,Y,WD,Normal,236000
748,70,RM,65,11700,Pave,AllPub,2Story,7,7,1880,2003,0,Gd,Stone,TA,N,SBrkr,1,Detchd,4,864,N,WD,Normal,265979
749,20,RL,59,10593,NA,AllPub,1Story,7,5,1996,1996,338,Gd,PConc,Gd,Y,SBrkr,1,Attchd,2,527,Y,WD,Normal,260400
750,50,RL,50,8405,NA,AllPub,1.5Story,4,3,1945,1950,0,TA,Slab,NA,N,FuseF,0,Detchd,1,240,N,WD,Normal,98000
751,50,RM,55,8800,Grvl,AllPub,1.5Story,4,7,1910,2004,0,TA,BrkTil,TA,Y,SBrkr,0,NA,0,0,N,WD,Normal,96500
752,60,RL,NA,7750,NA,AllPub,2Story,7,5,2003,2003,0,Gd,PConc,Gd,Y,SBrkr,0,Attchd,2,400,Y,WD,Normal,162000
753,20,RL,79,9236,NA,AllPub,1Story,6,5,1997,1997,0,TA,PConc,Gd,Y,SBrkr,0,Attchd,2,576,Y,WD,Normal,217000
754,60,RL,80,10240,NA,AllPub,2Story,8,5,2005,2005,178,Gd,PConc,Gd,Y,SBrkr,1,Attchd,3,878,Y,WD,Normal,275500
755,20,RL,61,7930,NA,AllPub,1Story,6,8,1969,2005,0,TA,CBlock,TA,Y,SBrkr,0,Detchd,2,440,Y,WD,Normal,156000
756,160,FV,34,3230,Pave,AllPub,2Story,6,5,1999,1999,894,TA,PConc,Gd,Y,SBrkr,0,Detchd,2,440,Y,WD,Normal,172500
757,60,RL,68,10769,NA,AllPub,2Story,8,5,2007,2007,0,Gd,PConc,Gd,Y,SBrkr,0,Attchd,2,578,Y,WD,Normal,212000
758,60,RL,NA,11616,NA,AllPub,2Story,6,5,1978,1978,328,TA,CBlock,TA,Y,SBrkr,1,Attchd,2,440,Y,WD,Abnorml,158900
759,160,FV,24,2280,Pave,AllPub,2Story,7,5,1999,1999,360,TA,PConc,Gd,Y,SBrkr,0,Detchd,2,440,Y,WD,Normal,179400
760,60,RL,65,12257,NA,AllPub,2Story,8,5,1995,1995,513,Gd,PConc,Gd,Y,SBrkr,1,Attchd,3,752,Y,WD,Normal,290000
761,20,RL,70,9100,NA,AllPub,1Story,6,6,1959,1959,0,TA,CBlock,TA,Y,SBrkr,0,Detchd,1,300,Y,WD,Normal,127500
762,30,RM,60,6911,NA,AllPub,1Story,5,5,1924,1950,0,TA,PConc,TA,Y,SBrkr,0,Detchd,2,440,Y,WD,Normal,100000
763,60,FV,72,8640,NA,AllPub,2Story,7,5,2009,2009,0,TA,PConc,Gd,Y,SBrkr,0,Attchd,2,614,Y,Con,Normal,215200
764,60,RL,82,9430,NA,AllPub,2Story,8,5,1999,1999,673,Gd,PConc,Gd,Y,SBrkr,1,Attchd,3,856,Y,WD,Normal,337000
765,120,RL,30,9549,NA,AllPub,1Story,8,5,1995,1996,0,Gd,PConc,Gd,Y,SBrkr,1,Attchd,2,481,Y,WD,Normal,270000
766,20,RL,75,14587,NA,AllPub,1Story,9,5,2008,2008,284,Gd,PConc,Gd,Y,SBrkr,1,Attchd,2,592,Y,New,Partial,264132
767,60,RL,80,10421,NA,AllPub,2Story,7,5,1988,1988,42,TA,CBlock,Gd,Y,SBrkr,1,Attchd,2,496,Y,WD,Normal,196500
768,50,RL,75,12508,NA,AllPub,1.5Story,6,7,1940,1985,0,TA,CBlock,Gd,Y,SBrkr,0,Attchd,1,423,Y,WD,Normal,160000
769,20,RL,70,9100,NA,AllPub,1Story,7,5,2004,2005,0,Gd,PConc,Gd,Y,SBrkr,1,Attchd,2,484,Y,WD,Normal,216837
770,60,RL,47,53504,NA,AllPub,2Story,8,5,2003,2003,603,Ex,PConc,Gd,Y,SBrkr,1,BuiltIn,3,841,Y,WD,Normal,538000
771,85,RL,NA,7252,NA,AllPub,2Story,5,5,1982,1982,0,TA,CBlock,Gd,Y,SBrkr,0,Detchd,2,576,Y,WD,Normal,134900
772,20,RL,67,8877,NA,AllPub,1Story,4,5,1951,1951,0,TA,CBlock,Fa,Y,FuseF,0,Detchd,2,396,Y,COD,Normal,102000
773,80,RL,94,7819,NA,AllPub,1Story,6,5,1976,1976,0,TA,CBlock,TA,Y,SBrkr,1,Detchd,2,672,Y,WD,Abnorml,107000
774,20,RL,70,10150,NA,AllPub,1Story,5,5,1958,1958,1,TA,CBlock,TA,Y,FuseA,0,Attchd,1,275,Y,COD,Normal,114500
775,20,RL,110,14226,NA,AllPub,1Story,8,5,2006,2006,375,Gd,PConc,Gd,Y,SBrkr,1,Attchd,3,895,Y,New,Partial,395000
776,120,RM,32,4500,NA,AllPub,1Story,6,5,1998,1998,320,TA,PConc,Ex,Y,SBrkr,0,Attchd,2,412,Y,WD,Normal,162000
777,20,RL,86,11210,NA,AllPub,1Story,7,5,2005,2006,240,Gd,PConc,Gd,Y,SBrkr,0,Attchd,3,865,Y,New,Partial,221500
778,20,RL,100,13350,NA,AllPub,1Story,5,5,1974,1974,0,TA,CBlock,TA,Y,SBrkr,1,Attchd,2,440,Y,WD,Normal,142500
779,90,RH,60,8400,NA,AllPub,1Story,5,5,1977,1977,320,TA,Slab,NA,Y,SBrkr,2,Detchd,2,630,Y,WD,Normal,144000
780,90,RL,78,10530,NA,AllPub,2Story,6,5,1977,1977,90,TA,CBlock,Gd,Y,SBrkr,0,Attchd,2,504,Y,WD,Normal,135000
781,20,RL,63,7875,NA,AllPub,1Story,7,5,1995,1996,38,TA,PConc,Gd,Y,SBrkr,1,Attchd,2,402,Y,WD,Normal,176000
782,60,RL,65,7153,NA,AllPub,2Story,6,5,1992,1992,0,Gd,PConc,Gd,Y,SBrkr,0,Attchd,2,484,Y,WD,Normal,175900
783,20,RL,67,16285,NA,AllPub,1Story,7,5,2001,2002,0,Gd,PConc,Gd,Y,SBrkr,0,Attchd,2,605,Y,WD,Normal,187100
784,85,RL,NA,9101,NA,AllPub,2Story,5,6,1978,1978,104,TA,PConc,Gd,Y,SBrkr,1,Attchd,2,602,Y,WD,Normal,165500
785,75,RM,35,6300,Grvl,AllPub,2.5Story,6,6,1914,2001,0,TA,CBlock,TA,Y,SBrkr,1,NA,0,0,Y,WD,Normal,128000
786,20,RL,NA,9790,NA,AllPub,1Story,6,5,1967,1967,0,TA,CBlock,TA,Y,SBrkr,1,Attchd,2,457,Y,WD,Normal,161500
787,50,RM,60,10800,NA,AllPub,1.5Story,5,6,1915,1950,0,TA,PConc,Fa,Y,SBrkr,0,Detchd,1,416,Y,WD,Normal,139000
788,60,RL,76,10142,NA,AllPub,2Story,7,5,2004,2004,0,Gd,PConc,Gd,Y,SBrkr,0,BuiltIn,2,618,Y,WD,Normal,233000
789,20,RM,50,6000,NA,AllPub,1Story,4,7,1954,2000,0,TA,CBlock,TA,Y,SBrkr,0,Detchd,1,281,Y,WD,Normal,107900
790,60,RL,NA,12205,NA,AllPub,2Story,6,8,1966,2007,157,TA,CBlock,TA,Y,SBrkr,0,Attchd,2,444,Y,WD,Normal,187500
791,120,RL,43,3182,NA,AllPub,1Story,7,5,2005,2006,11,Gd,PConc,Gd,Y,SBrkr,1,Attchd,2,397,Y,WD,Normal,160200
792,80,RL,NA,11333,NA,AllPub,1Story,6,5,1976,1976,0,TA,PConc,Gd,Y,SBrkr,2,Attchd,2,539,Y,WD,Normal,146800
793,60,RL,92,9920,NA,AllPub,2Story,7,5,1996,1997,0,Gd,PConc,Gd,Y,SBrkr,1,Attchd,2,455,Y,WD,Normal,269790
794,20,RL,76,9158,NA,AllPub,1Story,8,5,2007,2007,140,Gd,PConc,Gd,Y,SBrkr,0,Attchd,2,474,Y,New,Partial,225000
795,60,RL,NA,10832,NA,AllPub,2Story,7,5,1994,1996,0,Gd,PConc,Gd,Y,SBrkr,1,Attchd,2,409,Y,WD,Normal,194500
796,60,RL,70,8400,NA,AllPub,2Story,6,6,1980,1981,130,TA,CBlock,Gd,Y,SBrkr,1,Attchd,2,476,Y,WD,Normal,171000
797,20,RL,71,8197,NA,AllPub,1Story,6,5,1977,1977,148,TA,CBlock,TA,Y,SBrkr,1,Attchd,2,528,Y,WD,Normal,143500
798,20,RL,57,7677,NA,AllPub,1Story,5,5,1953,1953,0,TA,CBlock,TA,Y,SBrkr,0,Attchd,1,240,Y,WD,Abnorml,110000
799,60,RL,104,13518,NA,AllPub,2Story,9,5,2008,2009,860,Ex,PConc,Ex,Y,SBrkr,2,BuiltIn,3,820,Y,New,Partial,485000
800,50,RL,60,7200,NA,AllPub,1.5Story,5,7,1937,1950,252,TA,BrkTil,Gd,Y,SBrkr,2,Detchd,1,240,Y,WD,Normal,175000
801,60,RL,79,12798,NA,AllPub,2Story,6,5,1997,1997,0,TA,PConc,Gd,Y,SBrkr,0,Attchd,2,603,Y,WD,Normal,200000
802,30,RM,40,4800,NA,AllPub,1Story,4,7,1916,1990,0,TA,CBlock,TA,Y,FuseA,0,Detchd,2,440,Y,WD,Normal,109900
803,60,RL,63,8199,NA,AllPub,2Story,7,5,2005,2005,0,Gd,PConc,Gd,Y,SBrkr,1,Attchd,2,410,Y,WD,Normal,189000
804,60,RL,107,13891,NA,AllPub,2Story,9,5,2008,2009,424,Ex,PConc,Ex,Y,SBrkr,1,BuiltIn,3,1020,Y,New,Partial,582933
805,20,RL,75,9000,NA,AllPub,1Story,5,5,1954,1954,0,TA,CBlock,TA,Y,SBrkr,0,Attchd,1,286,Y,WD,Family,118000
806,20,RL,91,12274,NA,AllPub,1Story,7,5,2008,2008,256,Gd,PConc,Gd,Y,SBrkr,0,Attchd,2,554,Y,New,Partial,227680
807,80,RL,75,9750,NA,AllPub,1Story,5,5,1967,1967,0,TA,PConc,TA,Y,SBrkr,0,Attchd,1,384,Y,WD,Normal,135500
808,70,RL,144,21384,NA,AllPub,2Story,5,6,1923,2004,0,TA,CBlock,TA,Y,SBrkr,1,Attchd,2,528,Y,WD,Normal,223500
809,80,RL,85,13400,NA,AllPub,1Story,5,5,1966,1966,1047,TA,CBlock,TA,Y,SBrkr,1,Attchd,2,484,Y,WD,Normal,159950
810,75,RM,90,8100,NA,AllPub,2.5Story,5,5,1898,1965,0,TA,PConc,TA,N,FuseA,0,Detchd,2,360,N,WD,Normal,106000
811,20,RL,78,10140,NA,AllPub,1Story,6,6,1974,1999,99,TA,CBlock,TA,Y,SBrkr,1,Attchd,2,484,Y,WD,Normal,181000
812,120,RM,NA,4438,NA,AllPub,1Story,6,5,2004,2004,169,Gd,PConc,Gd,Y,SBrkr,1,Attchd,2,420,Y,ConLD,Normal,144500
813,20,C (all),66,8712,NA,AllPub,1Story,5,5,1952,1952,0,Fa,CBlock,TA,N,FuseA,0,Attchd,2,504,N,WD,Alloca,55993
814,20,RL,75,9750,NA,AllPub,1Story,6,6,1958,1958,243,TA,CBlock,TA,Y,SBrkr,0,Attchd,1,301,Y,COD,Normal,157900
815,50,RL,45,8248,Grvl,AllPub,1.5Story,5,7,1918,1950,0,TA,BrkTil,TA,Y,SBrkr,0,Detchd,1,280,P,WD,Normal,116000
816,20,RL,48,12137,NA,AllPub,1Story,7,5,1998,1998,442,TA,PConc,Gd,Y,SBrkr,0,Attchd,2,598,Y,WD,Normal,224900
817,20,RL,NA,11425,NA,AllPub,1Story,5,6,1954,1954,0,TA,CBlock,TA,Y,SBrkr,1,Attchd,1,275,Y,WD,Normal,137000
818,20,RL,NA,13265,NA,AllPub,1Story,8,5,2002,2002,148,Gd,PConc,Gd,Y,SBrkr,2,Attchd,3,857,Y,WD,Normal,271000
819,80,RL,80,8816,NA,AllPub,1Story,6,7,1971,1971,80,TA,CBlock,TA,Y,SBrkr,0,Attchd,2,440,Y,WD,Normal,155000
820,120,RL,44,6371,NA,AllPub,1Story,7,5,2009,2010,128,Gd,PConc,Gd,Y,SBrkr,1,Attchd,2,484,Y,New,Partial,224000
821,60,RL,72,7226,NA,AllPub,2Story,7,5,2003,2003,0,Gd,PConc,Gd,Y,SBrkr,0,Attchd,2,595,Y,WD,Normal,183000
822,20,RM,60,6000,Pave,AllPub,1Story,4,4,1953,1953,0,Fa,CBlock,Fa,N,SBrkr,0,Detchd,2,576,Y,WD,Normal,93000
823,60,RL,NA,12394,NA,AllPub,2Story,7,5,2003,2003,0,Gd,PConc,Gd,Y,SBrkr,1,BuiltIn,2,433,Y,WD,Family,225000
824,50,RL,60,9900,NA,AllPub,1.5Story,6,7,1940,1950,0,TA,BrkTil,TA,Y,SBrkr,1,Detchd,1,240,Y,WD,Normal,139500
825,20,FV,81,11216,NA,AllPub,1Story,8,5,2006,2006,0,Gd,PConc,Gd,Y,SBrkr,1,Attchd,2,776,Y,New,Partial,232600
826,20,RL,114,14803,NA,AllPub,1Story,10,5,2007,2008,816,Ex,PConc,Ex,Y,SBrkr,1,Attchd,3,1220,Y,New,Partial,385000
827,45,RM,50,6130,NA,AllPub,1.5Story,5,6,1924,1950,0,TA,BrkTil,TA,Y,SBrkr,0,NA,0,0,Y,WD,Normal,109500
828,20,RL,65,8529,NA,AllPub,1Story,7,5,2001,2001,0,Gd,PConc,Gd,Y,SBrkr,1,Attchd,2,527,Y,WD,Normal,189000
829,60,RL,NA,28698,NA,AllPub,2Story,5,5,1967,1967,0,TA,PConc,TA,Y,SBrkr,0,Attchd,2,538,Y,WD,Abnorml,185000
830,160,FV,24,2544,Pave,AllPub,2Story,7,5,2005,2005,0,Gd,PConc,Gd,Y,SBrkr,0,Detchd,2,480,Y,WD,Normal,147400
831,20,RL,80,11900,NA,AllPub,1Story,6,5,1957,1957,387,TA,CBlock,TA,Y,FuseA,2,Attchd,2,458,Y,WD,Normal,166000
832,160,FV,30,3180,Pave,AllPub,2Story,7,5,2005,2005,0,TA,PConc,Gd,Y,SBrkr,0,Detchd,2,480,Y,WD,Normal,151000
833,60,RL,44,9548,NA,AllPub,2Story,7,6,2003,2003,223,Gd,PConc,Gd,Y,SBrkr,1,Attchd,2,613,Y,WD,Normal,237000
834,20,RL,100,10004,NA,AllPub,1Story,6,6,1964,1964,180,TA,CBlock,TA,Y,SBrkr,0,Attchd,2,472,Y,WD,Normal,167000
835,20,RL,75,7875,NA,AllPub,1Story,5,6,1961,1961,136,TA,CBlock,TA,Y,SBrkr,0,Attchd,2,456,Y,WD,Normal,139950
836,20,RL,60,9600,NA,AllPub,1Story,4,7,1950,1995,0,TA,CBlock,Gd,Y,SBrkr,0,Attchd,2,436,Y,WD,Normal,128000
837,30,RM,90,8100,Pave,AllPub,1Story,5,6,1948,1973,0,TA,BrkTil,TA,Y,SBrkr,0,Detchd,2,812,Y,COD,Normal,153500
838,160,RM,21,1680,NA,AllPub,2Story,6,5,1973,1973,158,TA,CBlock,TA,Y,SBrkr,0,Detchd,1,264,Y,WD,Normal,100000
839,20,RL,75,9525,NA,AllPub,1Story,5,6,1995,2006,0,TA,PConc,Gd,Y,SBrkr,0,Attchd,1,352,Y,WD,Normal,144000
840,50,RL,70,11767,NA,AllPub,1.5Story,5,6,1946,1995,0,TA,CBlock,TA,Y,SBrkr,0,Detchd,1,240,Y,WD,Normal,130500
841,70,RH,NA,12155,NA,AllPub,2Story,6,8,1925,1950,0,TA,BrkTil,TA,N,SBrkr,0,Detchd,1,400,P,WD,Normal,140000
842,70,RM,60,10440,Grvl,AllPub,2Story,5,8,1904,2002,0,TA,PConc,TA,Y,SBrkr,1,Detchd,2,686,P,WD,Normal,157500
843,80,RL,82,9020,NA,AllPub,1Story,6,7,1966,1966,183,TA,CBlock,TA,Y,SBrkr,0,Attchd,2,490,Y,WD,Normal,174900
844,90,RL,80,8000,NA,AllPub,1Story,5,4,1961,1961,0,TA,CBlock,TA,N,SBrkr,0,NA,0,0,Y,WD,Normal,141000
845,50,RM,100,12665,Grvl,AllPub,1.5Story,5,8,1915,1950,0,TA,BrkTil,TA,Y,SBrkr,1,Detchd,3,720,Y,WD,Normal,153900
846,85,RL,NA,16647,NA,AllPub,2Story,5,5,1975,1981,0,TA,CBlock,Gd,Y,SBrkr,2,Attchd,2,611,Y,WD,Normal,171000
847,60,RL,75,9317,NA,AllPub,2Story,7,5,1993,1993,137,Gd,PConc,Gd,Y,SBrkr,1,Attchd,2,425,Y,WD,Normal,213000
848,20,RL,36,15523,NA,AllPub,1Story,5,6,1972,1972,0,TA,CBlock,TA,Y,SBrkr,1,Attchd,1,338,Y,WD,Normal,133500
849,50,RL,75,45600,NA,AllPub,1.5Story,6,8,1908,1997,0,TA,BrkTil,TA,Y,SBrkr,1,Detchd,2,360,Y,WD,Normal,240000
850,80,RL,80,9600,NA,AllPub,1Story,6,7,1976,1994,360,Gd,CBlock,TA,Y,SBrkr,1,Attchd,2,512,Y,WD,Normal,187000
851,120,RM,36,4435,NA,AllPub,1Story,6,5,2003,2003,170,Gd,PConc,Gd,Y,SBrkr,0,Attchd,2,420,Y,WD,Normal,131500
852,120,RL,NA,3196,NA,AllPub,1Story,8,5,2003,2003,40,Gd,PConc,Gd,Y,SBrkr,1,Attchd,2,400,Y,WD,Normal,215000
853,75,RL,53,7128,NA,AllPub,2.5Story,7,5,1941,1950,0,TA,CBlock,TA,Y,SBrkr,2,Detchd,1,240,Y,WD,Normal,164000
854,80,RL,NA,12095,NA,AllPub,1Story,6,6,1964,1964,115,TA,CBlock,TA,Y,SBrkr,1,Attchd,2,645,Y,WD,Normal,158000
855,20,RL,102,17920,NA,AllPub,1Story,5,4,1955,1974,0,TA,CBlock,TA,Y,SBrkr,1,Attchd,2,454,Y,WD,Abnorml,170000
856,20,RL,NA,6897,NA,AllPub,1Story,5,8,1962,2010,0,TA,CBlock,TA,Y,SBrkr,0,Detchd,1,260,Y,WD,Normal,127000
857,80,RL,NA,10970,NA,AllPub,1Story,6,6,1978,1978,0,TA,CBlock,Gd,Y,SBrkr,0,Detchd,2,576,Y,WD,Normal,147000
858,60,RL,65,8125,NA,AllPub,2Story,6,5,1994,1995,0,TA,PConc,Gd,Y,SBrkr,1,Attchd,2,343,Y,WD,Normal,174000
859,20,RL,80,10400,NA,AllPub,1Story,7,5,1976,1976,189,TA,CBlock,Gd,Y,SBrkr,1,Attchd,2,479,Y,WD,Family,152000
860,60,RL,NA,11029,NA,AllPub,2Story,6,7,1968,1984,220,TA,CBlock,TA,Y,SBrkr,1,Attchd,2,619,Y,WD,Normal,250000
861,50,RL,55,7642,NA,AllPub,1.5Story,7,8,1918,1998,0,Gd,BrkTil,TA,Y,SBrkr,1,Detchd,1,216,Y,WD,Normal,189950
862,190,RL,75,11625,NA,AllPub,1Story,5,4,1965,1965,0,TA,PConc,TA,Y,SBrkr,0,Attchd,2,504,Y,WD,Normal,131500
863,20,RL,81,9672,NA,AllPub,1Story,6,5,1984,1985,0,TA,PConc,Gd,Y,SBrkr,0,Attchd,2,480,Y,WD,Normal,152000
864,20,RL,70,7931,NA,AllPub,1Story,5,5,1959,1959,0,TA,CBlock,TA,Y,SBrkr,0,Attchd,1,672,Y,WD,Normal,132500
865,20,FV,72,8640,NA,AllPub,1Story,7,5,2007,2008,0,Gd,PConc,Ex,Y,SBrkr,0,Attchd,2,529,Y,New,Partial,250580
866,20,RL,NA,8750,NA,AllPub,1Story,5,6,1970,1970,76,TA,CBlock,TA,Y,SBrkr,0,Detchd,2,902,Y,WD,Normal,148500
867,20,RL,67,10656,NA,AllPub,1Story,8,5,2006,2007,274,Gd,PConc,Gd,Y,SBrkr,1,Attchd,3,870,Y,New,Partial,248900
868,20,RL,85,6970,NA,AllPub,1Story,4,5,1961,1961,0,TA,CBlock,TA,Y,SBrkr,0,Attchd,2,544,Y,WD,Normal,129000
869,60,RL,NA,14762,NA,AllPub,2Story,5,6,1948,1950,0,TA,Slab,NA,Y,SBrkr,1,Attchd,2,672,P,WD,Normal,169000
870,60,RL,80,9938,NA,AllPub,2Story,7,5,1993,1994,246,Gd,PConc,Gd,Y,SBrkr,1,Attchd,2,574,Y,WD,Normal,236000
871,20,RL,60,6600,NA,AllPub,1Story,5,5,1962,1962,0,TA,CBlock,TA,N,SBrkr,0,Detchd,1,308,Y,WD,Normal,109500
872,60,RL,70,8750,NA,AllPub,2Story,6,5,1998,1998,116,TA,PConc,Gd,Y,SBrkr,0,Attchd,2,523,Y,WD,Normal,200500
873,20,RL,74,8892,NA,AllPub,1Story,5,7,1953,1996,0,Gd,Stone,TA,Y,SBrkr,0,Attchd,2,414,Y,WD,Normal,116000
874,40,RL,60,12144,NA,AllPub,1Story,5,7,1949,1950,0,Gd,CBlock,TA,Y,SBrkr,1,Attchd,1,288,Y,WD,Normal,133000
875,50,RM,52,5720,NA,AllPub,1.5Story,5,6,1941,1950,0,TA,CBlock,TA,Y,SBrkr,0,Detchd,1,200,Y,WD,Abnorml,66500
876,60,FV,75,9000,NA,AllPub,2Story,8,5,2007,2007,0,Gd,PConc,Gd,Y,SBrkr,1,BuiltIn,2,550,Y,New,Partial,303477
877,20,RL,94,25286,NA,AllPub,1Story,4,5,1963,1963,0,TA,PConc,TA,Y,SBrkr,0,Attchd,2,648,Y,WD,Normal,132250
878,60,RL,74,8834,NA,AllPub,2Story,9,5,2004,2005,216,Gd,PConc,Ex,Y,SBrkr,1,Attchd,3,738,Y,WD,Normal,350000
879,85,RL,88,11782,NA,AllPub,2Story,5,7,1961,1995,0,TA,CBlock,TA,Y,SBrkr,0,Detchd,2,576,Y,WD,Normal,148000
880,20,RL,NA,7000,NA,AllPub,1Story,5,8,1978,2005,90,Gd,CBlock,TA,Y,SBrkr,0,Attchd,1,336,Y,WD,Normal,136500
881,20,RL,60,7024,NA,AllPub,1Story,5,5,2005,2006,0,TA,PConc,Ex,Y,SBrkr,0,Attchd,2,450,Y,WD,Normal,157000
882,50,RL,44,13758,NA,AllPub,1.5Story,7,5,1990,1991,117,Gd,CBlock,Gd,Y,SBrkr,1,Attchd,2,400,Y,WD,Normal,187500
883,60,RL,NA,9636,NA,AllPub,2Story,6,5,1992,1993,0,TA,PConc,Gd,Y,SBrkr,1,BuiltIn,2,389,Y,WD,Normal,178000
884,75,RL,60,6204,NA,AllPub,2.5Story,4,5,1912,1950,0,Gd,PConc,TA,N,SBrkr,0,Detchd,1,440,Y,WD,Normal,118500
885,20,RL,65,7150,NA,AllPub,1Story,5,5,1967,1967,60,TA,CBlock,TA,Y,SBrkr,0,Attchd,1,288,Y,WD,Normal,100000
886,120,FV,50,5119,NA,AllPub,1Story,9,5,1999,2000,60,Gd,PConc,Ex,Y,SBrkr,1,Attchd,2,506,Y,CWD,Abnorml,328900
887,90,RL,70,8393,NA,AllPub,1Story,5,5,1959,2005,122,TA,CBlock,TA,Y,SBrkr,0,Attchd,2,588,Y,WD,Family,145000
888,50,RL,59,16466,NA,AllPub,1.5Story,5,7,1955,1955,0,TA,PConc,TA,Y,SBrkr,0,Attchd,1,300,Y,WD,Normal,135500
889,20,RL,95,15865,NA,AllPub,1Story,8,6,1970,1970,0,Gd,PConc,TA,Y,SBrkr,1,Attchd,2,621,Y,WD,Normal,268000
890,20,RL,128,12160,NA,AllPub,1Story,6,4,1953,1953,90,TA,CBlock,TA,Y,SBrkr,1,Attchd,2,505,Y,WD,Normal,149500
891,50,RL,60,8064,NA,AllPub,1.5Story,5,7,1949,2006,0,TA,CBlock,TA,Y,SBrkr,1,Detchd,2,576,Y,WD,Normal,122900
892,60,RL,70,11184,NA,AllPub,2Story,6,5,1978,1978,92,TA,CBlock,TA,Y,SBrkr,1,Attchd,2,440,Y,WD,Normal,172500
893,20,RL,70,8414,NA,AllPub,1Story,6,8,1963,2003,0,TA,CBlock,TA,Y,SBrkr,0,Attchd,1,264,Y,WD,Normal,154500
894,20,RL,NA,13284,NA,AllPub,1Story,5,5,1954,1954,0,TA,PConc,Gd,Y,SBrkr,1,Attchd,1,354,Y,WD,Normal,165000
895,90,RL,64,7018,NA,AllPub,1Story,5,5,1979,1979,0,TA,Slab,NA,Y,SBrkr,0,Attchd,2,400,Y,WD,Alloca,118858
896,60,RL,71,7056,NA,AllPub,2Story,6,5,1963,1963,415,TA,CBlock,TA,Y,SBrkr,1,Attchd,2,483,Y,WD,Normal,140000
897,30,RM,50,8765,Grvl,AllPub,1Story,4,6,1936,1950,0,TA,BrkTil,TA,N,SBrkr,0,Detchd,1,327,Y,WD,Abnorml,106500
898,90,RL,64,7018,NA,AllPub,2Story,5,5,1979,1979,0,TA,Slab,NA,Y,SBrkr,0,Detchd,2,528,Y,WD,Alloca,142953
899,20,RL,100,12919,NA,AllPub,1Story,9,5,2009,2010,760,Ex,PConc,Ex,Y,SBrkr,2,Attchd,3,820,Y,New,Partial,611657
900,20,RL,65,6993,NA,AllPub,1Story,5,7,1961,1994,0,TA,CBlock,TA,Y,SBrkr,1,Attchd,1,288,Y,WD,Normal,135000
901,20,RL,NA,7340,NA,AllPub,1Story,4,6,1971,1971,0,TA,CBlock,TA,Y,SBrkr,0,Detchd,1,684,Y,WD,Normal,110000
902,20,RL,64,8712,NA,AllPub,1Story,5,7,1957,2000,0,TA,CBlock,TA,Y,SBrkr,0,Detchd,1,756,Y,WD,Normal,153000
903,60,RL,63,7875,NA,AllPub,2Story,7,5,2003,2003,0,Gd,PConc,Gd,Y,SBrkr,1,Attchd,2,393,Y,WD,Normal,180000
904,20,RL,50,14859,NA,AllPub,1Story,7,5,2006,2006,27,Gd,PConc,Gd,Y,SBrkr,1,Attchd,3,690,Y,New,Partial,240000
905,20,RL,NA,6173,NA,AllPub,1Story,5,6,1967,1967,75,TA,CBlock,TA,Y,SBrkr,0,Attchd,1,288,Y,WD,Normal,125500
906,20,RL,80,9920,NA,AllPub,1Story,5,5,1954,1954,110,TA,CBlock,TA,Y,SBrkr,0,Attchd,1,280,Y,WD,Normal,128000
907,20,RL,116,13501,NA,AllPub,1Story,8,5,2006,2006,208,Gd,PConc,Gd,Y,SBrkr,1,Attchd,3,865,Y,WD,Normal,255000
908,50,RL,86,11500,NA,AllPub,1.5Story,7,7,1936,1987,0,Gd,CBlock,Gd,Y,SBrkr,1,Attchd,1,180,Y,WD,Normal,250000
909,20,RL,NA,8885,NA,AllPub,1Story,5,5,1983,1983,0,TA,CBlock,Gd,Y,SBrkr,0,Attchd,2,484,Y,WD,Normal,131000
910,60,RL,149,12589,NA,AllPub,2Story,6,5,2005,2005,0,Gd,PConc,Gd,Y,SBrkr,1,Attchd,2,390,Y,WD,Normal,174000
911,90,RL,80,11600,NA,AllPub,2Story,5,5,1960,1960,361,TA,CBlock,TA,Y,FuseA,0,Detchd,2,480,Y,WD,Normal,154300
912,20,RL,NA,9286,NA,AllPub,1Story,5,7,1977,1989,0,TA,CBlock,Gd,Y,SBrkr,0,Detchd,1,252,Y,WD,Normal,143500
913,30,RM,51,6120,NA,AllPub,1Story,5,7,1925,1950,0,TA,BrkTil,TA,N,SBrkr,0,Detchd,1,450,Y,WD,Abnorml,88000
914,90,RH,82,6270,NA,AllPub,2Story,5,6,1949,1950,0,TA,CBlock,TA,N,FuseA,0,Detchd,3,871,Y,WD,Normal,145000
915,160,FV,30,3000,Pave,AllPub,2Story,6,5,2009,2009,76,Gd,PConc,Gd,Y,SBrkr,0,Detchd,2,528,Y,New,Partial,173733
916,160,RM,21,2001,NA,AllPub,2Story,4,5,1970,1970,80,TA,CBlock,TA,Y,SBrkr,0,Attchd,1,286,Y,WD,Normal,75000
917,20,C (all),50,9000,NA,AllPub,1Story,2,3,1949,1950,0,TA,CBlock,TA,N,FuseA,0,Detchd,1,308,Y,WD,Abnorml,35311
918,20,RL,NA,17140,NA,AllPub,1Story,4,6,1956,1956,0,TA,CBlock,TA,Y,FuseA,0,Attchd,1,284,Y,WD,Normal,135000
919,60,RL,103,13125,NA,AllPub,2Story,7,5,1991,1991,0,Gd,PConc,Ex,Y,SBrkr,1,Attchd,3,833,Y,WD,Normal,238000
920,20,RL,87,11029,NA,AllPub,1Story,6,8,1958,2002,0,Ex,CBlock,Gd,Y,SBrkr,1,Attchd,2,601,Y,WD,Normal,176500
921,60,RL,70,8462,NA,AllPub,2Story,6,5,1994,1994,105,Gd,PConc,Gd,Y,SBrkr,0,Attchd,2,471,Y,WD,Normal,201000
922,90,RL,67,8777,NA,AllPub,1.5Story,5,7,1900,2003,0,TA,CBlock,TA,Y,SBrkr,0,NA,0,0,N,WD,Normal,145900
923,20,RL,65,10237,NA,AllPub,1Story,6,5,2005,2006,0,Gd,PConc,Gd,Y,SBrkr,1,Attchd,2,397,Y,New,Partial,169990
924,120,RL,50,8012,NA,AllPub,1Story,6,5,1993,1994,0,Gd,PConc,Gd,Y,SBrkr,1,Attchd,2,533,Y,WD,Normal,193000
925,20,RL,79,10240,NA,AllPub,1Story,6,6,1980,1980,157,TA,CBlock,Gd,Y,SBrkr,1,Attchd,2,612,Y,WD,Normal,207500
926,20,RL,NA,15611,NA,AllPub,1Story,5,6,1977,1977,0,TA,PConc,Gd,Y,SBrkr,0,Attchd,2,540,Y,WD,Abnorml,175000
927,60,RL,93,11999,NA,AllPub,2Story,8,5,2003,2004,340,Gd,PConc,Gd,Y,SBrkr,1,BuiltIn,3,656,Y,WD,Normal,285000
928,60,RL,NA,9900,NA,AllPub,2Story,7,5,1968,1968,342,TA,CBlock,TA,Y,SBrkr,1,Attchd,2,486,Y,WD,Normal,176000
929,20,RL,NA,11838,NA,AllPub,1Story,8,5,2001,2001,0,Gd,PConc,Gd,Y,SBrkr,1,Attchd,2,522,Y,WD,Normal,236500
930,60,RL,NA,13006,NA,AllPub,2Story,7,5,1997,1997,285,TA,PConc,Gd,Y,SBrkr,1,BuiltIn,2,642,Y,WD,Normal,222000
931,20,RL,73,8925,NA,AllPub,1Story,8,5,2007,2007,0,Gd,PConc,Gd,Y,SBrkr,0,Attchd,3,610,Y,WD,Normal,201000
932,20,RL,70,9100,NA,AllPub,1Story,5,6,1965,1965,0,TA,CBlock,TA,Y,SBrkr,0,Detchd,1,429,Y,WD,Normal,117500
933,20,RL,84,11670,NA,AllPub,1Story,9,5,2006,2006,302,Ex,PConc,Ex,Y,SBrkr,1,Attchd,3,788,Y,WD,Normal,320000
934,20,RL,63,8487,NA,AllPub,1Story,7,5,2004,2004,210,Gd,PConc,Gd,Y,SBrkr,0,Attchd,2,570,Y,WD,Normal,190000
935,20,RL,313,27650,NA,AllPub,1Story,7,7,1960,2007,0,TA,CBlock,Gd,Y,SBrkr,1,Attchd,2,505,Y,WD,Normal,242000
936,30,RL,52,5825,NA,AllPub,1Story,4,5,1926,1953,108,TA,PConc,Fa,Y,SBrkr,0,Detchd,2,528,Y,WD,Normal,79900
937,20,RL,67,10083,NA,AllPub,1Story,7,5,2003,2003,NA,Gd,PConc,Gd,Y,SBrkr,0,Attchd,2,555,Y,WD,Normal,184900
938,60,RL,75,9675,NA,AllPub,2Story,7,5,2005,2005,0,Gd,PConc,Gd,Y,SBrkr,1,Attchd,2,689,Y,WD,Normal,253000
939,60,RL,73,8760,NA,AllPub,2Story,7,5,2006,2006,0,Gd,PConc,Gd,Y,SBrkr,0,Attchd,3,868,Y,New,Partial,239799
940,70,RL,NA,24090,NA,AllPub,2Story,7,7,1940,1950,0,TA,CBlock,TA,Y,SBrkr,2,Attchd,1,349,Y,COD,Normal,244400
941,90,RL,55,12640,NA,AllPub,1Story,6,5,1976,1976,0,TA,CBlock,TA,Y,SBrkr,0,Attchd,2,574,Y,WD,Normal,150900
942,60,RL,NA,8755,NA,AllPub,2Story,7,5,1999,1999,298,Gd,PConc,Gd,Y,SBrkr,1,BuiltIn,2,390,Y,WD,Normal,214000
943,90,RL,42,7711,NA,AllPub,1Story,4,3,1977,1977,0,TA,PConc,Gd,Y,SBrkr,0,NA,0,0,N,Oth,Abnorml,150000
944,90,RL,100,25000,NA,AllPub,1Story,5,4,1967,1967,0,TA,CBlock,TA,Y,SBrkr,0,Attchd,2,576,P,WD,Normal,143000
945,20,RL,NA,14375,NA,NoSeWa,1Story,6,6,1958,1958,541,TA,CBlock,TA,Y,FuseA,1,Attchd,2,525,Y,COD,Abnorml,137500
946,50,RM,98,8820,NA,AllPub,1.5Story,5,6,1890,1996,0,TA,BrkTil,TA,Y,SBrkr,0,Detchd,2,456,Y,WD,Normal,124900
947,80,RL,70,8163,NA,AllPub,1Story,5,6,1959,1959,128,TA,CBlock,TA,Y,SBrkr,1,Attchd,1,796,Y,WD,Normal,143000
948,20,RL,85,14536,NA,AllPub,1Story,8,5,2002,2003,236,Gd,PConc,Gd,Y,SBrkr,1,Attchd,3,808,Y,WD,Normal,270000
949,60,RL,65,14006,NA,AllPub,2Story,7,5,2002,2002,144,Gd,PConc,Gd,Y,SBrkr,1,Attchd,2,474,Y,WD,Normal,192500
950,20,RL,78,9360,NA,AllPub,1Story,6,7,1972,2006,0,TA,CBlock,TA,Y,SBrkr,1,Attchd,2,676,Y,WD,Normal,197500
951,20,RL,60,7200,NA,AllPub,1Story,5,8,1950,2002,0,TA,CBlock,TA,Y,SBrkr,0,Detchd,2,720,Y,WD,Normal,129000
952,20,RH,60,7800,NA,AllPub,1Story,5,5,1965,1965,0,TA,CBlock,TA,Y,SBrkr,0,Detchd,1,300,Y,WD,Abnorml,119900
953,85,RL,60,7200,NA,AllPub,2Story,5,8,1972,2003,0,TA,CBlock,Gd,Y,SBrkr,0,Detchd,1,396,Y,WD,Normal,133900
954,60,RL,NA,11075,NA,AllPub,2Story,5,4,1969,1969,232,TA,CBlock,TA,Y,SBrkr,1,Attchd,2,530,Y,WD,Normal,172000
955,90,RL,35,9400,NA,AllPub,2Story,6,5,1975,1975,250,TA,CBlock,Gd,Y,SBrkr,0,NA,0,0,Y,WD,AdjLand,127500
956,90,RH,82,7136,NA,AllPub,2Story,6,6,1946,1950,423,TA,CBlock,Gd,N,FuseF,0,Attchd,2,492,Y,WD,Normal,145000
957,160,RM,24,1300,NA,AllPub,2Story,6,6,1980,1980,0,TA,CBlock,Gd,Y,SBrkr,1,Attchd,2,462,Y,WD,Normal,124000
958,20,RL,70,7420,NA,AllPub,1Story,5,5,1962,1962,0,TA,CBlock,TA,Y,SBrkr,0,Detchd,2,576,Y,WD,Normal,132000
959,20,RL,65,8450,NA,AllPub,1Story,7,5,2003,2003,0,Gd,PConc,Gd,Y,SBrkr,0,Attchd,2,531,Y,WD,Normal,185000
960,160,FV,24,2572,NA,AllPub,2Story,7,5,1999,1999,0,Gd,PConc,Gd,Y,SBrkr,0,Detchd,2,484,Y,WD,Normal,155000
961,20,RL,50,7207,NA,AllPub,1Story,5,7,1958,2008,0,TA,CBlock,TA,Y,SBrkr,0,NA,0,0,Y,WD,Normal,116500
962,60,RL,NA,12227,NA,AllPub,2Story,6,7,1977,1995,424,TA,CBlock,Gd,Y,SBrkr,1,Attchd,2,619,Y,WD,Normal,272000
963,160,RL,24,2308,NA,AllPub,2Story,6,6,1976,1976,0,TA,CBlock,Gd,Y,SBrkr,1,Detchd,2,440,Y,WD,Normal,155000
964,20,RL,122,11923,NA,AllPub,1Story,9,5,2007,2007,0,Gd,PConc,Ex,Y,SBrkr,0,Attchd,2,702,Y,WD,Normal,239000
965,60,RL,80,11316,NA,AllPub,2Story,7,5,2002,2003,44,Gd,PConc,Gd,Y,SBrkr,1,BuiltIn,2,510,Y,WD,Normal,214900
966,60,RL,65,10237,NA,AllPub,2Story,6,5,2005,2007,0,Gd,PConc,Gd,Y,SBrkr,1,Attchd,2,393,Y,New,Partial,178900
967,50,RL,130,9600,NA,AllPub,1.5Story,5,7,1940,1950,0,Gd,BrkTil,TA,Y,SBrkr,2,Detchd,1,256,Y,WD,Normal,160000
968,20,RL,NA,7390,NA,AllPub,1Story,5,7,1955,1955,151,TA,CBlock,TA,Y,SBrkr,0,Attchd,1,260,Y,WD,Normal,135000
969,50,RM,50,5925,NA,AllPub,1.5Story,3,6,1910,1950,0,TA,BrkTil,TA,N,SBrkr,0,NA,0,0,Y,WD,Abnorml,37900
970,190,RL,75,10382,NA,AllPub,1Story,6,5,1958,1958,105,TA,CBlock,TA,Y,SBrkr,0,Attchd,1,264,Y,ConLD,Normal,140000
971,50,RL,60,10800,NA,AllPub,1.5Story,4,4,1949,1950,0,TA,CBlock,TA,N,FuseA,0,NA,0,0,Y,WD,Abnorml,135000
972,160,RL,36,2268,NA,AllPub,2Story,7,5,2003,2004,106,Gd,PConc,Gd,Y,SBrkr,0,BuiltIn,2,474,Y,WD,Normal,173000
973,120,RL,55,7892,NA,AllPub,1Story,6,5,1979,1979,0,TA,CBlock,Gd,Y,SBrkr,1,Attchd,1,264,Y,WD,Normal,99500
974,20,FV,95,11639,NA,AllPub,1Story,7,5,2007,2008,NA,Gd,PConc,Gd,Y,SBrkr,0,Attchd,2,480,Y,New,Partial,182000
975,70,RL,60,11414,NA,AllPub,2Story,7,8,1910,1993,0,TA,BrkTil,Gd,N,SBrkr,0,Detchd,2,532,Y,WD,Normal,167500
976,160,FV,NA,2651,NA,AllPub,2Story,7,5,2000,2000,0,Gd,PConc,Gd,Y,SBrkr,0,Detchd,2,490,Y,WD,Normal,165000
977,30,RL,51,5900,NA,AllPub,1Story,4,7,1923,1958,0,TA,PConc,Gd,Y,FuseA,0,NA,0,0,Y,WD,Normal,85500
978,120,FV,35,4274,Pave,AllPub,1Story,7,5,2006,2007,NA,Gd,PConc,Gd,Y,SBrkr,0,Attchd,2,569,Y,New,Partial,199900
979,20,RL,68,9450,NA,AllPub,1Story,4,5,1954,1954,0,TA,CBlock,TA,Y,SBrkr,0,Detchd,2,400,Y,WD,Abnorml,110000
980,20,RL,80,8816,NA,AllPub,1Story,5,6,1963,1963,0,TA,PConc,TA,Y,SBrkr,0,Detchd,2,480,Y,WD,Normal,139000
981,85,RL,NA,12122,NA,AllPub,2Story,7,9,1961,2007,210,Ex,CBlock,TA,Y,SBrkr,0,Attchd,2,588,Y,WD,Normal,178400
982,60,RL,98,12203,NA,AllPub,2Story,8,5,1998,1999,975,Gd,PConc,Gd,Y,SBrkr,1,Attchd,3,676,Y,WD,Normal,336000
983,20,RL,43,3182,NA,AllPub,1Story,7,5,2007,2007,16,Gd,PConc,Gd,Y,SBrkr,1,Attchd,2,388,Y,WD,Normal,159895
984,60,RL,NA,11250,NA,AllPub,2Story,8,5,2002,2002,0,Gd,PConc,Gd,Y,SBrkr,1,Attchd,2,779,Y,WD,Normal,255900
985,90,RL,75,10125,NA,AllPub,1.5Story,5,5,1977,1977,0,TA,CBlock,NA,Y,SBrkr,0,Attchd,2,539,Y,COD,Normal,126000
986,190,RL,68,10880,NA,AllPub,1Story,5,5,1950,1950,0,TA,CBlock,TA,N,SBrkr,0,Detchd,1,240,Y,ConLD,Normal,125000
987,50,RM,59,5310,NA,AllPub,1.5Story,6,8,1910,2003,0,TA,CBlock,TA,Y,SBrkr,0,Attchd,1,255,Y,WD,Normal,117000
988,20,RL,83,10159,NA,AllPub,1Story,9,5,2009,2010,450,Ex,PConc,Ex,Y,SBrkr,1,Attchd,3,606,Y,New,Partial,395192
989,60,RL,NA,12046,NA,AllPub,2Story,6,6,1976,1976,298,TA,CBlock,TA,Y,SBrkr,1,Attchd,2,551,Y,WD,Normal,195000
990,60,FV,65,8125,NA,AllPub,2Story,7,5,2006,2006,0,Gd,PConc,Gd,Y,SBrkr,0,Attchd,2,614,Y,New,Partial,197000
991,60,RL,82,9452,NA,AllPub,2Story,8,5,1997,1998,423,Gd,PConc,Gd,Y,SBrkr,1,Attchd,3,870,Y,WD,Normal,348000
992,70,RM,121,17671,Grvl,AllPub,2Story,8,9,1882,1986,0,Gd,BrkTil,TA,Y,SBrkr,1,Attchd,2,424,P,WD,Normal,168000
993,60,RL,80,9760,NA,AllPub,2Story,6,8,1964,1993,340,TA,CBlock,TA,Y,SBrkr,1,Attchd,2,440,Y,WD,Normal,187000
994,60,RL,68,8846,NA,AllPub,2Story,6,5,2005,2006,0,TA,PConc,Gd,Y,SBrkr,0,Attchd,2,564,Y,New,Partial,173900
995,20,RL,96,12456,NA,AllPub,1Story,10,5,2006,2007,230,Ex,PConc,Ex,Y,SBrkr,1,Attchd,3,786,Y,WD,Normal,337500
996,50,RL,51,4712,NA,AllPub,1.5Story,4,7,1946,1950,0,TA,CBlock,TA,Y,SBrkr,0,Detchd,1,305,Y,WD,Abnorml,121600
997,20,RL,NA,10659,NA,AllPub,1Story,5,6,1961,1961,0,TA,CBlock,TA,Y,SBrkr,0,Attchd,1,368,Y,COD,Normal,136500
998,20,RL,NA,11717,NA,AllPub,1Story,6,6,1970,1970,571,TA,CBlock,TA,Y,SBrkr,1,Attchd,2,615,Y,WD,Normal,185000
999,30,RM,60,9786,NA,AllPub,1Story,3,4,1922,1950,0,TA,BrkTil,TA,N,SBrkr,1,Detchd,1,210,P,WD,Normal,91000
